code,name,price,volume,turnover
US.MU,Micron Technology,975.56,61844373.0,61414645115.0
US.SNDK,SanDisk,1745.0,17346188.0,31602470490.0
US.TSLA,Tesla,393.45,73915762.0,29584366979.0
US.NVDA,NVIDIA,194.83,142385548.0,27778871839.0
US.AAPL,Apple,308.63,75400626.0,23106283637.0
US.MSFT,Microsoft,390.49,42194409.0,16432802775.0
US.INTC,Intel,120.35,125021717.0,15309782997.0
US.AMD,Advanced Micro Devices,517.82,28228930.0,14695930272.0
US.META,Meta Platforms,582.9,21750522.0,12819882246.0
US.AMZN,Amazon,242.67,48298137.0,11777775868.0
US.SPCX,SpaceX,162.0,61257120.0,9748805821.0
US.AVGO,Broadcom,360.45,26788850.0,9711530267.0
US.MRVL,Marvell Technology,245.29,38579896.0,9663532750.0
US.GOOGL,Alphabet-A,359.91,25999346.0,9336885457.0
US.AMAT,Applied Materials,603.04,15096149.0,9138110336.0
US.TSM,Taiwan Semiconductor,434.16,18424815.0,8106690172.0
US.PLTR,Palantir,129.3,60789443.0,7919268191.0
US.LRCX,Lam Research,351.41,18973407.0,6778282512.0
US.ORCL,Oracle,140.27,44273642.0,6270348930.0
US.KLAC,KLA Corp,235.55,23648855.0,5641758627.0
US.GOOG,Alphabet-C,356.18,15553221.0,5532427287.0
US.NBIS,NEBIUS,215.62,24901806.0,5418272853.0
US.STX,Seagate Technology,820.16,6302838.0,5259523533.0
US.WDC,Western Digital,539.0,8956328.0,4950083465.0
US.ASML,ASML Holding,1769.32,2700984.0,4842775973.0
US.HOOD,Robinhood,112.73,41233309.0,4738034003.0
US.BE,Bloom Energy,270.89,15782831.0,4345556311.0
US.GLW,Corning,196.79,21192219.0,4321855137.0
US.NFLX,Netflix,77.65,55541744.0,4291224241.0
US.LLY,Eli Lilly and Co,1213.91,3297441.0,3997455768.0
US.LITE,Lumentum,728.32,5229140.0,3877385595.0
US.V,Visa,362.13,9817170.0,3530769083.0
US.MSTR,Strategy,100.77,34757614.0,3500859822.0
US.CAT,Caterpillar,963.53,3569889.0,3456130529.0
US.QCOM,Qualcomm,176.25,18682459.0,3294382524.0
US.WMT,Walmart,111.84,29526234.0,3293092983.0
US.APP,Applovin,527.06,6002571.0,3235036055.0
US.ALAB,Astera Labs,406.42,7258768.0,3006444088.0
US.TXN,Texas Instruments,293.08,9767619.0,2874647665.0
US.JPM,JPMorgan,334.47,8415407.0,2811831547.0
US.CSCO,Cisco,112.69,24254878.0,2739400438.0
US.CRWV,CoreWeave,81.745,32788112.0,2726931077.0
US.PANW,Palo Alto Networks,348.06,7699628.0,2694546833.0
US.DELL,Dell Technologies,394.32,6618448.0,2640636230.0
US.COST,Costco,951.67,2787532.0,2638120952.0
US.T,AT&T,20.58,129365473.0,2636829745.0
US.GEV,GE Vernova,1113.11,2363020.0,2623805280.0
US.BKNG,Booking Holdings,184.56,14189105.0,2614894471.0
US.VZ,Verizon,42.56,59060834.0,2466882168.0
US.ARM,Arm Holdings,315.28,7575956.0,2458821959.0
US.IREN,IREN Ltd,38.82,60368806.0,2398253141.0
US.COHR,Coherent,333.36,6975893.0,2364554330.0
US.AAL,American Airlines,17.92,130085026.0,2332294641.0
US.ADI,Analog Devices,377.16,6144834.0,2326323944.0
US.RKLB,Rocket Lab,100.46,22233599.0,2250778638.0
US.TER,Teradyne,369.09,5938035.0,2248053195.0
US.CRDO,Credo Technology,241.91,9061693.0,2234060077.0
US.BRK.B,Berkshire Hathaway-B,507.78,4389647.0,2222591275.0
US.NOW,ServiceNow,106.32,20276620.0,2147378434.0
US.SNOW,Snowflake,260.15,8095793.0,2101807873.0
US.JNJ,Johnson & Johnson,263.04,8000738.0,2092165833.0
US.MA,MasterCard,539.39,3900716.0,2091723541.0
US.CRWD,CrowdStrike,193.98,10432159.0,2038227390.0
US.AAOI,Applied Optoelectronics,120.95,16036578.0,1944151172.0
US.MCD,McDonald's,280.63,6875860.0,1907813638.0
US.ACN,Accenture,137.35,13839149.0,1895955689.0
US.XOM,Exxon Mobil,137.09,13708010.0,1882576579.0
US.PEP,PepsiCo,144.22,13041804.0,1875367227.0
US.ABBV,AbbVie,261.07,7114422.0,1847561306.0
US.VRT,Vertiv Holdings,300.53,5906879.0,1786911893.0
US.CRM,Salesforce,166.11,10493199.0,1739934197.0
US.ADBE,Adobe,219.72,7907502.0,1733849506.0
US.BAC,Bank of America,58.73,29330900.0,1717768719.0
US.IBM,IBM Corp,289.52,5950158.0,1711361959.0
US.UNH,UnitedHealth,425.36,3931596.0,1673924319.0
US.SPGI,S&P Global,439.89,3749611.0,1630578482.0
US.COIN,Coinbase,165.48,9693796.0,1621537362.0
US.CVX,Chevron,169.2,9563732.0,1613243119.0
US.GS,Goldman Sachs,1021.0,1544157.0,1578185432.0
US.ANET,Arista Networks,159.99,9766524.0,1567798402.0
US.MPWR,Monolithic Power Systems,1288.16,1214807.0,1567785331.0
US.NXPI,NXP Semiconductors,273.36,5660833.0,1545670344.0
US.FPS,Forgent Power Solutions,46.86,32150887.0,1529046111.0
US.KO,Coca-Cola,84.14,18320541.0,1525035416.0
US.NKE,Nike,44.09,34264322.0,1511105905.0
US.SOFI,SoFi Technologies,18.24,81377450.0,1484957751.0
US.ON,ON Semiconductor,91.22,16104494.0,1484819214.0
US.RIVN,Rivian Automotive,18.63,78267206.0,1477003101.0
US.ALSN,Allison Transmission,116.37,12259961.0,1429209913.0
US.PG,Procter & Gamble,151.41,9256703.0,1395571445.0
US.INTU,Intuit,275.35,5049761.0,1385977383.0
US.APH,Amphenol,164.59,8304643.0,1370486218.0
US.BA,Boeing,226.49,6055010.0,1365171166.0
US.ASTS,AST SpaceMobile,85.13,15993784.0,1364541165.0
US.HONA,Honeywell Aerospace,247.15,5557162.0,1335700949.0
US.C,Citigroup,139.97,9501105.0,1328461410.0
US.ISRG,Intuitive Surgical,426.01,3141747.0,1322702530.0
US.CBRS,Cerebras Systems,204.86,6233893.0,1305735802.0
US.PFE,Pfizer,24.32,53138979.0,1292461155.0
US.HON,Honeywell,229.86,5659903.0,1282813390.0
US.TMUS,T-Mobile US,177.52,7221471.0,1274833193.0
US.MCHP,Microchip Technology,84.64,14795801.0,1256711236.0
US.NEE,NextEra Energy,88.34,14283567.0,1253765451.0
US.LIN,Linde,546.64,2275843.0,1240393354.0
US.GE,GE Aerospace,377.52,3275341.0,1236428461.0
US.TMO,Thermo Fisher Scientific,523.44,2321762.0,1214839860.0
US.AEP,American Electric Power,138.51,8803291.0,1213164689.0
US.SMCI,Super Micro Computer,27.22,42867499.0,1186316888.0
US.BSX,Boston Scientific,45.14,26355055.0,1182060666.0
US.ORLY,O'Reilly Automotive,90.25,12891270.0,1172964901.0
US.CRCL,Circle,64.62,17752196.0,1172304691.0
US.STM,STMicroelectronics,68.35,16847990.0,1170943098.0
US.FIX,Comfort Systems USA,1741.3,645023.0,1139797670.0
US.BABA,Alibaba,96.14,11764187.0,1132797535.0
US.DIS,Disney,99.5,11308072.0,1112070206.0
US.HD,Home Depot,357.9,3116042.0,1107752276.0
US.MRNA,Moderna,79.76,14111998.0,1106783784.0
US.CME,CME Group,236.6,4627474.0,1091215330.0
US.GILD,Gilead Sciences,131.27,8088800.0,1056582788.0
US.ETN,Eaton,398.52,2602225.0,1039303449.0
US.UBER,Uber Technologies,74.43,14097426.0,1039105372.0
US.CMCSA,Comcast,23.79,43735083.0,1031889474.0
US.RTX,RTX Corp,199.25,5194401.0,1028308157.0
US.CEG,Constellation Energy,239.25,4270995.0,1023728928.0
US.MRK,Merck & Co,129.56,7833991.0,1008797078.0
US.ABT,Abbott Laboratories,95.4,10644582.0,1005983806.0
US.WELL,Welltower,236.06,4132045.0,971292206.0
US.VRTX,Vertex Pharmaceuticals,528.04,1855943.0,969596270.0
US.NOK,Nokia Oyj,12.07,78276566.0,959912034.0
US.ROKU,Roku Inc,142.43,6746580.0,959706435.0
US.NOC,Northrop Grumman,549.01,1741918.0,947124752.0
US.AMGN,Amgen,374.15,2487837.0,927425886.0
US.CIEN,Ciena,422.46,2155633.0,924854017.0
US.WFC,Wells Fargo & Co,85.51,10783846.0,922572146.0
US.FLEX,Flex Ltd,136.855,6570421.0,912514153.0
US.PM,Philip Morris International,182.27,4928809.0,895445046.0
US.DASH,DoorDash,192.01,4582281.0,877310421.0
US.ENTG,Entegris,146.66,5907013.0,872951459.0
US.MTSI,MACOM Technology Solutions,322.26,2679922.0,865397542.0
US.SCHW,Charles Schwab,97.0,8893198.0,861012243.0
US.IONQ,IonQ Inc,49.12,17018808.0,858506618.0
US.RDDT,Reddit,194.67,4469802.0,857035413.0
US.AXP,American Express,351.96,2441150.0,855088814.0
US.PWR,Quanta Services,668.31,1273860.0,851207416.0
US.JCI,Johnson Controls,140.76,5968856.0,849513620.0
US.SYK,Stryker Corp,326.54,2609807.0,843266439.0
US.NEM,Newmont,97.04,8706484.0,841475589.0
US.SPOT,Spotify Technology,485.97,1724610.0,833399080.0
US.SBUX,Starbucks,104.27,7951035.0,829839201.0
US.FCX,Freeport-McMoRan,60.97,13556288.0,823445869.0
US.APLD,Applied Digital,33.06,24641086.0,816357011.0
US.SHOP,Shopify,119.46,6761733.0,811391210.0
US.MDT,Medtronic,83.19,9723080.0,801217723.0
US.DE,Deere,621.27,1288962.0,800971586.0
US.MKSI,MKS Inc,365.56,2168108.0,800043477.0
US.MS,Morgan Stanley,213.93,3745519.0,799815075.0
US.AVAV,AeroVironment,190.89,4167391.0,798717969.0
US.DHR,Danaher,197.93,4035515.0,795649009.0
US.DDOG,Datadog,260.36,3037621.0,792483309.0
US.AEM,Agnico Eagle,153.86,5196091.0,792182151.0
US.HPE,Hewlett Packard Enterprise,41.23,18976681.0,791470758.0
US.BP,BP PLC,37.4,21305983.0,791449081.0
US.ASX,ASE Technology,41.87,18423144.0,782492473.0
US.CDNS,Cadence Design Systems,373.14,2072315.0,775537666.0
US.SE,Sea,103.3,7398454.0,769611792.0
US.NU,Nu Holdings,13.61,55848701.0,758529055.0
US.LMT,Lockheed Martin,545.91,1397901.0,757023009.0
US.TJX,TJX Companies,154.26,4919509.0,754216752.0
US.MCK,McKesson,786.3,952677.0,747327455.0
US.APO,Apollo Global Management,118.61,6258336.0,743781936.0
US.WULF,TeraWulf,21.18,33897812.0,729163941.0
US.SHW,Sherwin-Williams,352.48,2078824.0,727520488.0
US.COP,ConocoPhillips,104.73,6934391.0,723039747.0
US.CLS,Celestica,336.21,2135007.0,721730416.0
US.MELI,MercadoLibre,1763.36,407805.0,720531200.0
US.PGR,Progressive,232.22,3107789.0,715688807.0
US.STRL,Sterling Infrastructure,700.75,991953.0,708471429.0
US.FTNT,Fortinet,156.25,4491268.0,705835956.0
US.PDD,PDD Holdings,82.39,8494733.0,700782268.0
US.REGN,Regeneron Pharmaceuticals,654.27,1071604.0,693688257.0
US.AJG,Arthur J. Gallagher,252.44,2741390.0,686848544.0
US.NET,Cloudflare,242.41,2832488.0,686186178.0
US.ELV,Elevance Health,417.89,1626180.0,680595153.0
US.PATH,UiPath,11.71,58403970.0,678003432.0
US.ONDS,Ondas,7.41,87137400.0,673324959.0
US.CSX,CSX Corp,48.89,13746931.0,671880905.0
US.PYPL,PayPal,45.47,14797292.0,669477477.0
US.HCA,HCA Healthcare,410.5,1628882.0,668203243.0
US.GPC,Genuine Parts,132.57,5088382.0,659942355.0
US.TD,The Toronto-Dominion Bank,119.3,5521924.0,659746429.0
US.F,Ford Motor,13.36,49011929.0,657805143.0
US.DUK,Duke Energy,129.6,5123553.0,656808938.0
US.MARA,MARA Holdings,12.4,50628944.0,650919678.0
US.BKR,Baker Hughes,52.78,12191791.0,647869364.0
US.VST,Vistra Energy,151.05,4255892.0,644068960.0
US.DOCN,DigitalOcean,130.13,4871241.0,640890365.0
US.UNP,Union Pacific,282.25,2272621.0,639619940.0
US.CIFR,Cipher Digital,20.04,31109492.0,636594583.0
US.KEYS,Keysight Technologies,313.86,1994724.0,633070350.0
US.RCL,Royal Caribbean,296.3,2125579.0,632288912.0
US.AXON,Axon Enterprise,597.04,1062206.0,631189684.0
US.BLK,Blackrock,995.73,634788.0,630310195.0
US.SNPS,Synopsys,437.16,1420007.0,625184142.0
US.DVN,Devon Energy,40.47,15457670.0,622366922.0
US.HWM,Howmet Aerospace,270.41,2292632.0,621676021.0
US.ONTO,Onto Innovation,307.58,1968027.0,611974808.0
US.TSEM,Tower Semiconductor,219.05,2724786.0,608693745.0
US.NVO,Novo-Nordisk A/S,50.43,12080179.0,608501800.0
US.ADSK,Autodesk,207.48,2931045.0,607338524.0
US.ICE,Intercontinental Exchange,132.99,4604188.0,607171785.0
US.HIMS,Hims & Hers Health,36.8,16473733.0,605820488.0
US.IBKR,Interactive Brokers,91.33,6589240.0,604857310.0
US.CDE,Coeur Mining,17.3,34832387.0,604131593.0
US.BB,BlackBerry,11.51,50952166.0,603857728.0
US.EXC,Exelon,47.88,12710110.0,602654698.0
US.ADP,Automatic Data Processing,242.27,2492775.0,602454803.0
US.CI,Cigna Group,287.77,2108856.0,601112615.0
US.BMNR,Bitmine Immersion Technologies,14.36,41135999.0,600740170.0
US.UAL,United Airlines,133.32,4462332.0,599721348.0
US.AXTI,AXT Inc,56.62,10336394.0,597072593.0
US.RVMD,Revolution Medicines,189.24,3190772.0,595871650.0
US.CMI,Cummins,661.7,879608.0,584684731.0
US.FSLR,First Solar,224.57,2597451.0,583212690.0
US.GH,Guardant Health,167.98,3455312.0,583127966.0
US.WDAY,Workday,135.4,4299798.0,579911868.0
US.HLT,Hilton Worldwide,338.12,1720296.0,579221803.0
US.BMY,Bristol-Myers Squibb,58.13,10003972.0,578175622.0
US.MAR,Marriott International,372.95,1552709.0,577775693.0
US.CVS,CVS Health,104.72,5522758.0,576505843.0
US.APD,Air Products & Chemicals,314.19,1847226.0,575818445.0
US.RY,Royal Bank of Canada,204.79,2803207.0,574327536.0
US.ABVX,Abivax S.A.,144.65,4015790.0,574012714.0
US.MDB,MongoDB,354.88,1612778.0,572881352.0
US.CVNA,Carvana,68.6,8385267.0,569811753.0
US.VLO,Valero Energy,267.76,2113773.0,568451948.0
US.DAL,Delta Air Lines,92.75,6078031.0,567427357.0
US.SMTC,Semtech,135.27,4138293.0,565500481.0
US.PTCT,PTC Therapeutics,83.31,6778019.0,563798469.0
US.HUM,Humana,396.75,1399864.0,561611487.0
US.MNST,Monster Beverage,97.6,5686790.0,556750735.0
US.TECH,Bio-Techne,70.83,7826274.0,554268829.0
US.CLRO,ClearOne,6.48,88538476.0,553262533.0
US.HUT,Hut 8,97.14,5621743.0,552569298.0
US.ILMN,Illumina,188.68,2941733.0,550798255.0
US.MBGL,Mobility Global,19.8,26968146.0,544515023.0
US.KDP,Keurig Dr Pepper,33.3,16307886.0,543684665.0
US.FIG,Figma Inc,21.34,25634949.0,541495343.0
US.MDLZ,Mondelez International,60.91,8917729.0,540554641.0
US.CCL,Carnival,27.91,19204725.0,538102818.0
US.CB,Chubb Ltd,361.17,1499534.0,536886742.0
US.KMB,Kimberly-Clark,114.72,4662758.0,532197190.0
US.CMG,Chipotle Mexican Grill,35.39,15083559.0,532104817.0
US.LOW,Lowe's Companies,227.5,2333306.0,527433661.0
US.SITM,SiTime,601.66,851973.0,527279497.0
US.COF,Capital One Financial,205.12,2566744.0,526267778.0
US.SLB,SLB Ltd,45.13,11678002.0,525741886.0
US.QXO,QXO Inc,16.21,32562255.0,525694463.0
US.UMC,United Microelectronics,24.54,21014028.0,520835017.0
US.ABNB,Airbnb,148.93,3496652.0,519953995.0
US.TTWO,Take-Two Interactive Software,254.99,2035838.0,515861409.0
US.OKLO,Oklo Inc,52.36,9675586.0,514328640.0
US.SO,Southern,97.98,5282674.0,514185365.0
US.FTI,TechnipFMC,66.75,7687022.0,510416210.0
US.FOXA,Fox Corp-A,56.48,9122165.0,509309503.0
US.AMKR,Amkor Technology,69.65,6995480.0,505722173.0
US.TT,Trane Technologies,478.13,1044584.0,498285796.0
US.QBTS,D-Wave Quantum,22.53,21411214.0,496723465.0
US.TRV,The Travelers Companies,342.31,1459495.0,496395882.0
US.TTMI,TTM Technologies,155.98,3098773.0,492692164.0
US.VEEV,Veeva Systems,192.74,2574692.0,491535090.0
US.HUBB,Hubbell,487.1,1017988.0,490558220.0
US.MXL,MaxLinear,93.12,4944609.0,487551614.0
US.TDG,TransDigm,1348.49,363104.0,487254064.0
US.CAH,Cardinal Health,238.94,2039275.0,486998994.0
US.AA,Alcoa,48.68,9904400.0,484516163.0
US.FISV,Fiserv,52.33,9180426.0,481947962.0
US.JOBY,Joby Aviation,8.49,56177572.0,481398499.0
US.VSH,Vishay Intertechnology,45.92,10197587.0,481246589.0
US.GD,General Dynamics,373.54,1293331.0,480477771.0
US.WM,Waste Management,230.4,2093268.0,479669362.0
US.RBLX,Roblox,55.41,8722262.0,478807894.0
US.GIS,General Mills,37.57,12760585.0,478001830.0
US.WMB,Williams,73.14,6556194.0,477645298.0
US.OUST,Ouster,49.84,9136346.0,476507452.0
US.EA,Electronic Arts Inc,205.21,2302979.0,473034741.0
US.RGTI,Rigetti Computing,17.94,25313968.0,464101349.0
US.HL,Hecla Mining,16.33,28624801.0,463815847.0
US.TRGP,Targa Resources,258.88,1791791.0,462885725.0
US.MO,Altria,72.71,6374323.0,462327133.0
US.FANG,Diamondback Energy,172.04,2690330.0,461966686.0
US.AZN,AstraZeneca,195.15,2379657.0,459567329.0
US.MPC,Marathon Petroleum,266.35,1722195.0,459499520.0
US.AKAM,Akamai,113.17,4091945.0,457554192.0
US.GM,General Motors,76.0,6019423.0,454043244.0
US.MCO,Moody's,490.51,933224.0,453184011.0
US.NVT,nVent Electric,152.15,2948261.0,451463953.0
US.IDXX,IDEXX Laboratories Inc,557.8,813893.0,450135619.0
US.AWK,American Water Works,136.86,3269337.0,444985044.0
US.EME,EMCOR Group,774.66,569730.0,442671514.0
US.NVTS,Navitas Semiconductor,14.46,29485679.0,442033194.0
US.BX,Blackstone,122.78,3604235.0,440092829.0
US.OPEN,Opendoor Technologies,4.9,90049906.0,438545157.0
US.CTAS,Cintas,181.37,2421564.0,436535701.0
US.OKTA,Okta,141.42,3076531.0,435575845.0
US.CPRT,Copart,30.01,14725494.0,435545078.0
US.XYZ,Block,78.83,5481406.0,432626523.0
US.COR,Cencora,296.51,1466648.0,432222935.0
US.CARR,Carrier Global,70.07,6157362.0,431824678.0
US.THC,Tenet Healthcare,203.72,2107072.0,430383407.0
US.LYV,Live Nation Entertainment,186.59,2321464.0,430324084.0
US.LHX,L3Harris Technologies,302.07,1424393.0,429685986.0
US.HSY,Hershey,182.14,2372198.0,429676607.0
US.VIK,Viking Holdings,100.69,4280250.0,428377688.0
US.TGT,Target,130.21,3272430.0,426893849.0
US.LNG,Cheniere Energy,245.97,1736687.0,426246666.0
US.MLM,Martin Marietta Materials,599.42,716186.0,426078404.0
US.RIOT,Riot Platforms,22.11,18817539.0,425592658.0
US.SHEL,Shell,78.02,5453358.0,424118425.0
US.CHTR,Charter Communications,137.2,3123869.0,423694049.0
US.ROST,Ross Stores,213.43,1968313.0,419590305.0
US.AON,Aon PLC,357.46,1182971.0,419416126.0
US.MOD,Modine Manufacturing,230.97,1788142.0,418690994.0
US.OXY,Occidental Petroleum,48.91,8553606.0,416370634.0
US.MDLN,Medline,43.19,9699768.0,414838168.0
US.CRH,CRH PLC,107.53,3854158.0,412897651.0
US.NRG,NRG Energy,136.7,3004520.0,412255245.0
US.CASY,Caseys General Stores,797.42,517399.0,410440389.0
US.RKT,Rocket,15.77,26415983.0,410039720.0
US.ECHO,EchoStar,101.5,4013026.0,407825248.0
US.JBL,Jabil,341.3,1177431.0,407486065.0
US.CORZ,Core Scientific,21.43,18569728.0,405048766.0
US.Q,Qnity Electronics,141.75,2817807.0,404897144.0
US.VMC,Vulcan Materials,303.19,1340427.0,404489220.0
US.TXNM,TXNM Energy,56.94,7133823.0,404186308.0
US.DLTR,Dollar Tree,124.05,3261123.0,404006055.0
US.NVMI,Nova,470.14,856785.0,401843343.0
US.RMBS,Rambus,112.92,3530769.0,401160711.0
US.CTSH,Cognizant,41.99,9507345.0,399088745.0
US.ALL,Allstate,250.33,1602581.0,398631896.0
US.APGE,Apogee Therapeutics,132.91,2998799.0,398339791.0
US.CRS,Carpenter Technology,597.24,668441.0,396699258.0
US.CL,Colgate-Palmolive,95.13,4170941.0,395723929.0
US.WBD,Warner Bros Discovery,26.48,14860647.0,393925353.0
US.GOOGN,ALPHABET INC DEP SHS REPSTG 1/20TH INT B,50.42,7833543.0,393125478.0
US.PH,Parker Hannifin,962.89,408601.0,392519461.0
US.ROK,Rockwell Automation,471.7,833859.0,392393652.0
US.SWKS,Skyworks Solutions,62.56,6220601.0,392234165.0
US.TPR,Tapestry,144.21,2705758.0,391647227.0
US.FDX,FedEx,313.0,1249393.0,391019104.0
US.PAYX,Paychex,106.35,3656562.0,386422544.0
US.NDAQ,Nasdaq,84.66,4543217.0,383859366.0
US.PPL,PPL Corp,36.89,10498832.0,383745223.0
US.SAP,SAP SE,162.59,2372274.0,383252941.0
US.BNY,Bank of New York Mellon,146.62,2622878.0,383199101.0
US.ZS,Zscaler,147.33,2596203.0,381556591.0
US.ORKA,Oruka Therapeutics,85.21,4524000.0,381129522.0
US.DG,Dollar General,118.17,3242271.0,380476183.0
US.B,Barrick Mining,38.21,10000567.0,379594202.0
US.USB,U.S. Bancorp,61.73,6140224.0,378474342.0
US.KTOS,Kratos Defense & Security Solutions,55.35,6712253.0,376095392.0
US.EOG,EOG Resources,130.78,2881684.0,375644129.0
US.URI,United Rentals,1098.59,341475.0,374787852.0
US.TEL,TE Connectivity,197.44,1883983.0,373639030.0
US.PEG,Public Service Enterprise Group,81.62,4603317.0,373406558.0
US.EFX,Equifax,172.07,2195638.0,373002049.0
US.UPS,United Parcel Service,110.66,3377852.0,372640551.0
US.CNP,CenterPoint Energy,44.61,8354993.0,370370343.0
US.VRSK,Verisk Analytics,188.35,1979522.0,370363865.0
US.EMR,Emerson Electric,139.05,2654966.0,369480630.0
US.CCJ,Cameco,96.54,3810881.0,369235687.0
US.YUM,Yum! Brands,164.73,2247924.0,369039144.0
US.CNQ,Canadian Natural Resources,39.64,9322413.0,368859881.0
US.KKR,KKR & Co,93.84,3912089.0,367298985.0
US.MRSH,Marsh,178.54,2068197.0,366306328.0
US.KHC,The Kraft Heinz,25.37,14467180.0,366180765.0
US.CFG,Citizens Financial,70.98,5118158.0,364516926.0
US.ROP,Roper Technologies,364.2,995654.0,361466870.0
US.TEM,Tempus AI,60.27,5966528.0,361227753.0
US.ARGX,argenx SE,939.68,381265.0,358664463.0
US.GT,Goodyear Tire & Rubber,6.59,54347773.0,357364081.0
US.BIDU,Baidu,113.3,3160304.0,356742473.0
US.SN,SharkNinja,151.47,2331355.0,354085038.0
US.STLD,Steel Dynamics,220.39,1611311.0,353502672.0
US.NTRA,Natera,279.32,1274247.0,351754024.0
US.ECL,Ecolab,283.36,1242751.0,350806735.0
US.WWD,Woodward,418.02,835984.0,350212365.0
US.TFC,Truist Financial,50.98,6858800.0,349063543.0
US.VICR,Vicor,282.95,1156080.0,348848159.0
US.ALB,Albemarle,135.56,2572824.0,348170100.0
US.RRX,Regal Rexnord,218.45,1591153.0,348069160.0
US.PCAR,PACCAR Inc,119.5,2905756.0,347705196.0
US.KR,The Kroger Co.,58.22,6002494.0,346837850.0
US.GNRC,Generac,252.66,1361296.0,346491355.0
US.XEL,Xcel Energy,81.96,4250776.0,346359253.0
US.PSX,Phillips 66,176.42,1957660.0,345992157.0
US.TWLO,Twilio,209.31,1652962.0,345232258.0
US.PNC,PNC Financial Services,249.49,1378764.0,343600305.0
US.FN,Fabrinet,499.61,680161.0,342981874.0
US.ITW,Illinois Tool Works,272.76,1260914.0,342846366.0
US.ALNY,Alnylam Pharmaceuticals,312.78,1093526.0,341519002.0
US.GWW,W.W. Grainger,1342.98,254114.0,340971992.0
US.FICO,Fair Isaac,1270.83,270346.0,340240063.0
US.GPN,Global Payments,78.63,4358965.0,340202121.0
US.AMP,Ameriprise Financial,489.16,694486.0,339023177.0
US.PB,Prosperity Bancshares,70.9,4754735.0,337879123.0
US.FCEL,FuelCell Energy,28.11,11788174.0,336442683.0
US.TLN,Talen Energy,364.67,913607.0,334918814.0
US.EXPE,Expedia,268.69,1247189.0,333758278.0
US.FAST,Fastenal,48.6,6883461.0,333508029.0
US.LSCC,Lattice Semiconductor,136.53,2462920.0,333491808.0
US.QSR,Restaurant Brands International,74.79,4485115.0,333071852.0
US.STZ,Constellation Brands,137.47,2419909.0,332690602.0
US.AEIS,Advanced Energy Industries,311.27,1046049.0,332124372.0
US.MTZ,MasTec,373.43,883062.0,331328088.0
US.DOW,Dow Inc,27.71,11723468.0,326225572.0
US.ZTS,Zoetis,74.8,4361046.0,325141176.0
US.TE,T1 Energy,8.56,36688578.0,320149801.0
US.BDX,Becton Dickinson & Co,158.08,2040521.0,320008629.0
US.DHI,D.R. Horton,158.57,2022440.0,319316113.0
US.PL,Planet Labs PBC,31.38,10083598.0,319013843.0
US.FDS,FactSet Research Systems,250.09,1268628.0,317655465.0
US.AFRM,Affirm Holdings,84.58,3769775.0,317528690.0
US.NUE,Nucor,220.75,1443074.0,316742741.0
US.BNS,Bank of Nova Scotia,85.4,3670556.0,314000420.0
US.MSCI,MSCI Inc,603.11,522660.0,313801048.0
US.ETR,Entergy,115.11,2726855.0,312602010.0
US.FITB,Fifth Third Bancorp,57.16,5464384.0,312179504.0
US.LULU,Lululemon Athletica,118.43,2634528.0,312106782.0
US.LII,Lennox International,570.03,547332.0,311098335.0
US.HAL,Halliburton,32.96,9431262.0,311014032.0
US.CELH,Celsius Holdings,33.16,9342772.0,310597658.0
US.ZM,Zoom Communications,87.145,3514869.0,309114810.0
US.SYY,Sysco Corp,84.83,3651598.0,308050797.0
US.INCY,Incyte,116.86,2632596.0,307010586.0
US.DRI,Darden Restaurants,204.32,1506061.0,306814023.0
US.INSM,Insmed,111.6,2771287.0,306025057.0
US.NCLH,Norwegian Cruise,19.78,15328520.0,305902607.0
US.KMI,Kinder Morgan,32.06,9482956.0,303572980.0
US.ACMR,ACM Research,97.77,2944320.0,303018482.0
US.FTAI,FTAI Aviation,248.06,1192410.0,302663809.0
US.ENPH,Enphase Energy,43.07,6885299.0,301415376.0
US.EW,Edwards Lifesciences,94.37,3206400.0,301235974.0
US.VIAV,Viavi Solutions,41.66,7083857.0,301075206.0
US.HPQ,HP Inc,21.93,13653277.0,300190539.0
US.WCC,WESCO International,307.89,966979.0,300181528.0
US.NTAP,NetApp,154.17,1931127.0,300042868.0
US.GTLS,Chart Industries,208.72,1435595.0,299721456.0
US.NXT,Nextpower,112.84,2624713.0,299337801.0
US.TSCO,Tractor Supply,31.76,9342914.0,297914137.0
US.D,Dominion Resources,69.75,4304449.0,297825350.0
US.TOST,Toast,28.82,10296904.0,296816459.0
US.UTHR,United Therapeutics,555.91,534365.0,296608719.0
US.INIO,INNIO N.V,36.95,7940694.0,296204600.0
US.CPNG,Coupang,18.56,16118235.0,295777097.0
US.GEHC,GE HealthCare Technologies,65.565,4515625.0,295726027.0
US.ELF,e.l.f. Beauty,76.42,3890365.0,295254893.0
US.MMM,3M,160.44,1837673.0,294895642.0
US.FROG,JFrog,94.81,3115827.0,294741681.0
US.TKO,TKO Group Holdings,194.42,1500645.0,293550314.0
US.DECK,Deckers Outdoor,104.69,2815458.0,293067622.0
US.EXE,Expand Energy,90.72,3192724.0,289405526.0
US.A,Agilent Technologies,130.69,2194237.0,288279380.0
US.PTC,PTC Inc,124.55,2295075.0,284935474.0
US.SMR,NuScale Power,9.76,28189034.0,283158688.0
US.WAT,Waters,379.29,749043.0,282374767.0
US.HBAN,Huntington Bancshares,17.86,15747404.0,282231700.0
US.CCEP,Coca-Cola Europacific,106.61,2633834.0,281349011.0
US.SU,Suncor Energy,55.05,5150257.0,281335493.0
US.FRSH,Freshworks,10.34,26896267.0,281306171.0
US.MET,MetLife,90.06,3145943.0,280822668.0
US.CLF,Cleveland-Cliffs,9.86,28422332.0,278011674.0
US.NSC,Norfolk Southern,322.71,861530.0,277546877.0
US.USAR,USA Rare Earth,19.15,14198950.0,276782550.0
US.AIG,American International Group,79.39,3491830.0,275216453.0
US.EL,Estee Lauder,83.71,3260065.0,272867178.0
US.AU,AngloGold Ashanti,84.65,3222637.0,271265179.0
US.BBY,Best Buy,77.99,3486981.0,271167723.0
US.INFQ,Infleqtion,12.31,20444976.0,270878173.0
US.XPO,XPO,206.33,1315229.0,269899841.0
US.CTVA,Corteva,85.8,3168142.0,269727607.0
US.GFS,GlobalFoundries,69.84,3796915.0,269560594.0
US.FORM,FormFactor,123.59,2103763.0,269245221.0
US.NI,NiSource,47.82,5651411.0,268631770.0
US.UCTT,Ultra Clean,106.475,2437037.0,268208689.0
US.OKE,ONEOK Inc,87.83,3061569.0,267726839.0
US.WEN,The Wendy's Co,8.6,30494064.0,267652902.0
US.BSP,BENDING SPOONS S.P.A,35.93,7301616.0,266707888.0
US.AHR,American Healthcare REIT,55.04,4863733.0,266608543.0
US.SEI,Solaris Energy Infrastructure,67.19,3938331.0,265838122.0
US.CLSK,CleanSpark,12.62,20547741.0,265803579.0
US.WBS,Webster Financial,76.72,3442672.0,264454833.0
US.ODFL,Old Dominion Freight Line,217.65,1210837.0,263989645.0
US.ALGM,Allegro Microsystems,55.485,4702925.0,263164821.0
US.CNC,Centene,67.86,3873021.0,262829363.0
US.OWL,Blue Owl Capital,9.04,28660382.0,261799488.0
US.TEAM,Atlassian,83.84,3103667.0,261161366.0
US.ULTA,Ulta Beauty,461.33,567486.0,259655544.0
US.OMC,Omnicom Group,78.62,3318068.0,258878952.0
US.BUD,Anheuser-Busch Inbev,81.33,3167444.0,257506892.0
US.USFD,US Foods Holding,104.29,2488290.0,256954215.0
US.EQT,EQT Corp,52.61,4878729.0,256307180.0
US.RJF,Raymond James Financial,162.66,1573455.0,255643391.0
US.MP,MP Materials,53.31,4691082.0,254939232.0
US.IQV,IQVIA Holdings,207.04,1229468.0,254161792.0
US.STRC,STRATEGY INC VAR RT SER A PERP STRETCH PREFERRED STK,87.87,2870175.0,252775653.0
US.NVS,Novartis AG,159.9,1588015.0,252754657.0
US.SYNA,Synaptics,119.52,2098932.0,252669484.0
US.RBRK,Rubrik,83.64,3029799.0,252399274.0
US.EBAY,eBay,114.84,2205100.0,252343343.0
US.SLS,Sellas Life Sciences,14.98,17275558.0,251689992.0
US.PPG,PPG Industries,125.33,2017409.0,251682062.0
US.CP,Canadian Pacific Railway,87.79,2854402.0,250720880.0
US.TRU,TransUnion,78.31,3249412.0,250715284.0
US.AEHR,Aehr Test Systems,69.96,3480299.0,250356296.0
US.SCCO,Southern Copper,172.01,1454584.0,250319631.0
US.LDOS,Leidos,108.84,2315747.0,250239757.0
US.RF,Regions Financial,30.28,8239806.0,249903308.0
US.ALGN,Align Technology,184.52,1354100.0,249775935.0
US.DPZ,Domino's Pizza,311.66,804296.0,249710265.0
US.RL,Ralph Lauren,398.22,627782.0,249466693.0
US.BIIB,Biogen,216.12,1155165.0,249450741.0
US.FLUT,Flutter Entertainment,106.03,2357096.0,248983752.0
US.PODD,Insulet,164.48,1506030.0,248458221.0
US.KNX,Knight-Swift Transportation,76.35,3234782.0,248134935.0
US.PENG,Penguin Solutions,61.47,3971033.0,247861551.0
US.IR,Ingersoll Rand,80.59,3076963.0,247407771.0
US.ED,Consolidated Edison,113.99,2172233.0,246644198.0
US.RDW,Redwire,11.31,21033373.0,246491041.0
US.LYB,LyondellBasell Industries,53.36,4595582.0,245962886.0
US.ATI,ATI Inc,188.1,1307621.0,245886044.0
US.HIG,Hartford Insurance,137.85,1787280.0,245117878.0
US.TYL,Tyler Technologies,318.1,774839.0,245061685.0
US.SNX,TD Synnex,244.64,988905.0,245046641.0
US.SANM,Sanmina,219.77,1095053.0,244197814.0
US.AME,AMETEK,234.62,1041667.0,243726040.0
US.DOV,Dover,213.71,1136874.0,243066624.0
US.BBIO,BridgeBio Pharma,77.19,3179470.0,242333037.0
US.WSM,Williams-Sonoma,227.53,1070020.0,242270640.0
US.FFIV,F5 Inc,408.14,590710.0,241960975.0
US.KEY,KeyCorp,23.02,10497039.0,241656942.0
US.MKC,McCormick & Co,53.45,4517630.0,241382635.0
US.COO,Cooper Companies,74.2,3259742.0,240272510.0
US.KEEL,Keel Infrastructure,4.59,49897299.0,240234876.0
US.RACE,Ferrari,384.97,624025.0,238433216.0
US.RMD,ResMed,209.63,1144252.0,237994176.0
US.PAAS,Pan American Silver,46.29,5140141.0,237604649.0
US.OTIS,Otis Worldwide,73.14,3254137.0,236580952.0
US.IDA,Idacorp,154.55,1551287.0,235659269.0
US.WPM,Wheaton Precious Metals,115.73,2045678.0,235516342.0
US.DXCM,DexCom,71.25,3299278.0,234503073.0
US.POWL,Powell Industries,246.33,937421.0,234003003.0
US.OSCR,Oscar Health,32.18,7251286.0,233685151.0
US.CHRW,C.H. Robinson Worldwide,189.85,1225906.0,233459085.0
US.DT,Dynatrace,44.77,5182642.0,233212593.0
US.QNT,Quantinuum,74.56,3097784.0,233014875.0
US.BWA,BorgWarner,63.52,3658933.0,232331711.0
US.MSI,Motorola Solutions,422.66,549682.0,231853962.0
US.MTD,Mettler-Toledo International,1308.43,177493.0,231686521.0
US.HAS,Hasbro,80.15,2882549.0,231581679.0
US.FERG,Ferguson,230.24,1006505.0,230992158.0
US.STT,State Street,170.69,1357768.0,230667747.0
US.CBRE,CBRE Group,141.58,1628453.0,229501123.0
US.LUV,Southwest Airlines,50.25,4564174.0,229414400.0
US.DTE,DTE Energy,154.06,1492761.0,228854903.0
US.HUBS,HubSpot,192.12,1195454.0,228716416.0
US.AER,AerCap Holdings,147.84,1556924.0,228154979.0
US.KGC,Kinross Gold,24.71,9247045.0,227289419.0
US.INFY,Infosys,11.16,20504776.0,227206362.0
US.SIMO,Silicon Motion Technology,300.71,753908.0,227202851.0
US.ACGL,Arch Capital,102.2,2236790.0,226872009.0
US.W,Wayfair,94.5,2409082.0,226258576.0
US.KVUE,Kenvue,19.83,11433586.0,225536836.0
US.CGNX,Cognex,67.8,3320151.0,225355270.0
US.SW,Smurfit WestRock,45.93,4947712.0,225151240.0
US.AG,First Majestic Silver,17.82,12626471.0,225097900.0
US.U,Unity Software,29.32,7667922.0,224544478.0
US.BRKR,Bruker Corp,61.64,3647054.0,223710494.0
US.ETSY,Etsy Inc,76.97,2950501.0,223578964.0
US.JBHT,JB Hunt Transport Services,285.83,778690.0,223199206.0
US.BROS,Dutch Bros,72.16,3092693.0,222730726.0
US.GWRE,Guidewire Software,134.47,1656455.0,222298027.0
US.BHP,BHP Group Ltd,83.33,2661464.0,221376414.0
US.AES,The AES Corp,14.58,15086316.0,220421410.0
US.SFM,Sprouts Farmers Market,89.94,2449064.0,219227867.0
US.IOT,Samsara,35.93,6167992.0,218878271.0
US.VALE,Vale SA,14.99,14430008.0,216301961.0
US.NBIX,Neurocrine Biosciences,174.26,1251145.0,215986978.0
US.BTI,British American Tobacco,61.77,3475000.0,215377500.0
US.CPAY,Corpay,352.46,614969.0,215255330.0
US.DAVE,Dave Inc,387.36,549270.0,214347150.0
US.CF,CF Industries Holdings,110.54,1932329.0,213495113.0
US.CW,Curtiss-Wright,760.23,279329.0,211875525.0
US.AFL,Aflac Inc,120.88,1762507.0,211791700.0
US.GLXY,Galaxy Digital,24.59,8362811.0,211546485.0
US.PCG,PG&E Corp,17.05,12404958.0,210528045.0
US.TTD,The Trade Desk,19.1,10958020.0,210102537.0
US.CHWY,Chewy,20.85,10082552.0,209912098.0
US.FIS,Fidelity National Information Services,41.8,5038913.0,209669821.0
US.AGX,Argan,706.15,293538.0,209512529.0
US.FTV,Fortive,62.65,3354724.0,209486557.0
US.FE,FirstEnergy,48.53,4336345.0,209302520.0
US.BAH,Booz Allen Hamilton Holding Corp,62.45,3365524.0,209204734.0
US.CAG,Conagra Brands,14.34,14564713.0,208688638.0
US.BTDR,Bitdeer Technologies Group,13.85,14496142.0,208433605.0
US.ENB,Enbridge,54.08,3879949.0,208031384.0
US.UHS,Universal Health Services,158.33,1311186.0,207840974.0
US.AXSM,Axsome Therapeutics,244.31,854306.0,207763121.0
US.TDY,Teledyne Technologies,652.08,315742.0,206975506.0
US.JD,JD.com,26.62,7803813.0,206627954.0
US.WOLF,Wolfspeed,40.0,4977753.0,206114026.0
US.FUTU,Futu Holdings Ltd,95.04,2140341.0,205951177.0
US.VLTO,Veralto Corp,92.55,2228196.0,204914863.0
US.RSG,Republic Services,217.34,939726.0,203539066.0
US.GSK,GlaxoSmithKline,53.66,3802658.0,203014425.0
US.VSAT,Viasat,83.06,2439243.0,202848019.0
US.COMP,Compass,12.62,16125439.0,202612402.0
US.VERA,Vera Therapeutics,41.2,5143973.0,201942046.0
US.SRE,Sempra Energy,93.06,2169949.0,201394920.0
US.LEN,Lennar Corp,88.21,2293705.0,201325674.0
US.UL,Unilever,62.48,3240648.0,201257430.0
US.RIO,Rio Tinto,94.42,2128022.0,200644287.0
US.WST,West Pharmaceutical Services,365.74,547223.0,200102512.0
US.ZBRA,Zebra Technologies,267.18,745608.0,199597627.0
US.ADM,Archer Daniels Midland,76.79,2595787.0,199200190.0
US.LNT,Alliant Energy,78.03,2563261.0,198889401.0
US.MEDP,Medpace,557.6,356575.0,198821600.0
US.ZBH,Zimmer Biomet Holdings,87.47,2288767.0,198591374.0
US.DVA,DaVita,234.91,842346.0,197814335.0
US.DY,Dycom Industries,437.76,446532.0,197806696.0
US.TPL,Texas Pacific Land,407.2,486667.0,197655449.0
US.PBR,Petroleo Brasileiro SA Petrobras,16.11,12177243.0,196541261.0
US.LPLA,LPL Financial,295.18,660031.0,194969298.0
US.KLIC,Kulicke & Soffa Industries,121.33,1602399.0,194824210.0
US.ACA,Arcosa,144.97,1343721.0,194450433.0
US.CRL,Charles River,230.69,845345.0,193931490.0
US.EIX,Edison International,75.66,2571561.0,193890608.0
US.SJM,JM Smucker,116.28,1663215.0,193853114.0
US.ICHR,Ichor Holdings,98.22,1907928.0,192651175.0
US.LFUS,Littelfuse,418.47,456438.0,192242564.0
US.MSM,MSC Industrial Direct,122.78,1545049.0,191803359.0
US.MOS,The Mosaic,21.13,9024282.0,190934492.0
US.CCXI,Churchill Capital Corp XI,19.1,10872806.0,190639094.0
US.ARES,Ares Management,116.9,1638670.0,190390801.0
US.AMBA,Ambarella,78.36,2309871.0,189926560.0
US.EPAM,EPAM Systems,88.27,2157806.0,189752882.0
US.DKNG,DraftKings,25.89,7363337.0,189334885.0
US.RBA,Ritchie Bros Auctioneers,112.81,1680723.0,188915434.0
US.OC,Owens-Corning,151.06,1253739.0,187939311.0
US.BG,Bunge,106.46,1767183.0,187680773.0
US.SYF,Synchrony Financial,76.33,2464844.0,187664867.0
US.DGX,Quest Diagnostics,215.72,869667.0,187611040.0
US.XYL,Xylem,118.12,1587741.0,187552716.0
US.IONS,Ionis Pharmaceuticals,81.8,2301899.0,186233193.0
US.EAT,Brinker International,177.71,1057387.0,185961809.0
US.DKS,Dick's Sporting Goods,236.18,793522.0,185719719.0
US.JAZZ,Jazz Pharmaceuticals,243.47,766981.0,185486214.0
US.RPRX,Royalty Pharma,57.77,3245306.0,185256871.0
US.NTR,Nutrien,65.06,2858792.0,185228335.0
US.ROL,Rollins,43.38,4274861.0,185155946.0
US.DAR,Darling Ingredients,56.53,3284806.0,185056827.0
US.LUNR,Intuitive Machines,19.58,9223699.0,185045435.0
US.MT,ArcelorMittal SA,63.4,2931411.0,184538520.0
US.HSIC,Henry Schein,86.43,2152674.0,184390810.0
US.WCN,Waste Connections,168.82,1097516.0,184322440.0
US.SHAZ,SharonAI Holdings,67.91,2602181.0,184144371.0
US.KRMN,Karman Holdings,56.37,3251700.0,183746145.0
US.JBLU,JetBlue Airways,6.02,30698886.0,183675130.0
US.CSL,Carlisle Companies,366.73,503653.0,183124227.0
US.MYRG,MYR Group,433.01,415438.0,182177983.0
US.CPB,The Campbell's Co,23.32,7839003.0,182103928.0
US.WYNN,Wynn Resorts,95.91,1889463.0,181461121.0
US.LH,Labcorp Holdings,286.98,633027.0,181033982.0
US.VSXY,Victoria's Secret,76.71,2377256.0,180999146.0
US.HEI,Heico,362.09,501011.0,180987621.0
US.MKL,Markel Group,1979.65,92442.0,180968884.0
US.SDOT,Sadot,50.55,2730046.0,180789563.0
US.IFF,International Flavors & Fragrances,83.83,2179845.0,180775522.0
US.PINS,Pinterest,22.07,8214596.0,180646745.0
US.SNAP,Snap Inc,4.84,37376861.0,180277533.0
US.FLNC,Fluence Energy,17.0,10421567.0,180012617.0
US.IRDM,Iridium Communications,53.75,3294773.0,179851911.0
US.GKOS,Glaukos,148.34,1241013.0,179192465.0
US.STEP,StepStone Group,41.13,4453318.0,178910741.0
US.CAVA,CAVA Group,76.88,2310981.0,177605744.0
US.ROIV,Roivant Sciences,35.13,5080094.0,177600661.0
US.MOH,Molina Healthcare,229.87,770215.0,176957412.0
US.LVS,Las Vegas Sands,46.99,3766975.0,176927990.0
US.CYTK,Cytokinetics,86.49,2030297.0,175833668.0
US.CRSP,CRISPR Therapeutics,60.08,2931688.0,174585015.0
US.CNM,Core & Main,44.93,3868870.0,174315732.0
US.CLX,Clorox,97.26,1788727.0,174059242.0
US.MTB,M&T Bank,238.88,728287.0,173949996.0
US.ES,Eversource Energy,74.44,2344704.0,173818818.0
US.CACI,CACI International,502.83,349859.0,173801842.0
US.PRU,Prudential Financial,112.95,1541807.0,173590453.0
US.DD,DuPont,139.91,1235592.0,172683498.0
US.GDDY,GoDaddy,88.51,1946837.0,171935671.0
US.WING,Wingstop,177.99,978163.0,171922203.0
US.PR,Permian Resources,18.2,9456780.0,171324334.0
US.TROW,T. Rowe Price,118.55,1450210.0,171143598.0
US.APA,Apache,32.36,5287870.0,171062114.0
US.NIO,NIO Inc,4.79,35514876.0,170942845.0
US.BJ,BJ's Wholesale Club Holdings,89.18,1916360.0,170372167.0
US.NTNX,Nutanix,51.28,3312623.0,170010329.0
US.SNA,Snap-on,412.09,415366.0,169876166.0
US.ESI,Element Solutions,43.64,3878020.0,169481911.0
US.RH,RH,169.08,1011467.0,168684391.0
US.TXRH,Texas Roadhouse,194.28,873525.0,167808953.0
US.TRI,Thomson Reuters,89.21,1905131.0,167207464.0
US.AMCR,Amcor,45.0,3743852.0,167171590.0
US.WTW,Willis Towers Watson,286.22,585097.0,166627219.0
US.WH,Wyndham Hotels & Resorts,82.41,2024162.0,166595548.0
US.POET,POET Technologies,8.76,18466531.0,166354374.0
US.FIGR,Figure Technology Solutions,33.91,4903750.0,166164693.0
US.PATK,Patrick Industries,85.03,1955097.0,166130913.0
US.GAP,Gap Inc,19.25,8673631.0,166091588.0
US.FDXF,FEDEX FREIGHT HOLDING CO INC,150.81,1091229.0,165764173.0
US.PCOR,Procore Technologies,43.97,3795331.0,165762944.0
US.TEVA,Teva Pharmaceutical Industries,34.64,4815447.0,165760933.0
US.ET,Energy Transfer,19.33,8634519.0,165608138.0
US.BRO,Brown & Brown,70.0,2383499.0,165594869.0
US.BCE,BCE Inc,21.42,7659311.0,164585145.0
US.NWSA,News Corp-A,26.64,6226994.0,164544243.0
US.TRP,TC Energy,66.47,2486800.0,164298606.0
US.JKHY,Jack Henry & Associates,146.87,1111732.0,162943034.0
US.BCS,Barclays,27.77,5860817.0,162774733.0
US.ICLR,Icon PLC,173.06,938189.0,162768114.0
US.VRSN,VeriSign,256.43,631037.0,162420741.0
US.CM,Canadian Imperial Bank of Commerce,113.9,1420857.0,162166529.0
US.GOOGM,ALPHABET INC DEP SHS REPSTG 1/20TH INT A,50.87,3190628.0,161859925.0
US.PHM,PulteGroup,133.67,1212249.0,161466801.0
US.TGTX,TG Therapeutics,53.31,3076369.0,161269074.0
US.TRMB,Trimble,53.04,3028846.0,160954001.0
US.NAVN,Navan,25.67,6418848.0,160879311.0
US.DOC,Healthpeak Properties,21.89,7366440.0,160517199.0
US.NUVL,Nuvalent,123.73,1297596.0,160478518.0
US.BN,Brookfield,43.43,3711904.0,160432771.0
US.VECO,Veeco Instruments,57.49,2673849.0,159666510.0
US.IESC,IES Holdings,654.0,238200.0,159557523.0
US.WAB,Westinghouse Air Brake Technologies,262.19,608220.0,159439248.0
US.FIVE,Five Below,182.43,873735.0,159217679.0
US.ARW,Arrow Electronics Inc,197.48,798007.0,158993536.0
US.WAY,Waystar Holding,23.46,6828281.0,158762192.0
US.ENS,EnerSys,206.68,755319.0,158677798.0
US.EXPD,Expeditors International,167.57,947479.0,158472186.0
US.ATO,Atmos Energy,176.87,898738.0,158364958.0
US.TMHC,Taylor Morrison Home,71.86,2203064.0,158135911.0
US.QS,QuantumScape,7.07,21898418.0,157787133.0
US.SOLS,Solstice Advanced Materials,80.19,1953893.0,157694173.0
US.P,Everpure,72.71,2131526.0,156734734.0
US.CDW,CDW Corp,133.37,1161303.0,156254800.0
US.ENVA,Enova,235.19,665623.0,156221619.0
US.ACLS,Axcelis Technologies,144.5,1037599.0,156162850.0
US.AAON,AAON Inc,107.62,1422711.0,155532468.0
US.WTS,Watts Water Technologies,368.55,421023.0,155519511.0
US.SIRI,Sirius XM,30.51,5112124.0,155260712.0
US.BTSG,BrightSpring Health Services,69.03,2242934.0,155069848.0
US.TECK,Teck Resources,60.01,2571442.0,154935114.0
US.RBC,RBC Bearings,604.56,255654.0,153931648.0
US.CVE,Cenovus Energy,24.65,6236299.0,153704993.0
US.FNV,Franco-Nevada,217.58,711694.0,153664586.0
US.ONON,On Holding,36.83,4168125.0,153482678.0
US.TWST,Twist Bioscience,99.24,1524073.0,153107570.0
US.CART,Maplebear,45.78,3330900.0,152984380.0
US.AEE,Ameren,115.02,1335568.0,152943846.0
US.CINF,Cincinnati Financial,192.03,798427.0,152771410.0
US.MOG.A,Moog-A,417.42,366370.0,152766891.0
US.AGI,Alamos Gold,31.58,4862409.0,152722286.0
US.QLYS,Qualys,148.12,1043232.0,152532521.0
US.XPEV,XPeng,13.08,11666579.0,152455324.0
US.RCAT,Red Cat Holdings,10.44,13990422.0,152303225.0
US.H,Hyatt Hotels,191.28,791780.0,151164919.0
US.ALLY,Ally Financial,45.32,3329792.0,150564312.0
US.VTRS,Viatris,16.7,9042025.0,150119013.0
US.IBN,ICICI Bank,29.49,5110047.0,150011504.0
US.ASND,Ascendis Pharma A/S,274.5,552426.0,149849274.0
US.TKR,The Timken,139.16,1074587.0,149662684.0
US.RGLD,Royal Gold,204.13,733822.0,149175846.0
US.SNY,Sanofi,43.16,3459474.0,148711223.0
US.CNI,Canadian National Railway,121.56,1225593.0,148470581.0
US.EWBC,East West Bancorp,129.3,1142768.0,147826123.0
US.FBIN,Fortune Brands Innovations,53.22,2778850.0,147825475.0
US.MGM,MGM Resorts International,47.1,3140709.0,147732971.0
US.BAX,Baxter International Inc,22.65,6547360.0,147604441.0
US.TCOM,Trip.com,41.0,3615958.0,147409771.0
US.LMND,Lemonade,71.52,2080357.0,147392924.0
US.CMS,CMS Energy,77.73,1904721.0,147199792.0
US.BR,Broadridge Financial Solutions,143.95,1023863.0,146745543.0
US.LUMN,Lumen Technologies,6.43,22002042.0,146351314.0
US.SEZL,Sezzle,183.24,802076.0,145684411.0
US.CHKP,Check Point Software,136.58,1063307.0,144923128.0
US.PFGC,Performance Food,113.09,1291026.0,144724722.0
US.BMO,Bank of Montreal,174.13,828344.0,144623138.0
US.ACHR,Archer Aviation,4.98,29036519.0,144228051.0
US.HDB,HDFC Bank,25.77,5609947.0,143890013.0
US.BURL,Burlington Stores,313.18,459598.0,143844529.0
US.NPO,Enpro,335.5,424036.0,143798373.0
US.EQH,Equitable,45.61,3191079.0,143724724.0
US.BLDR,Builders FirstSource,84.69,1705294.0,143421789.0
US.EG,Everest Group,371.35,389397.0,143319106.0
US.ACHC,Acadia Healthcare,31.91,4463407.0,143294396.0
US.GFI,Gold Fields,35.46,4045553.0,142768787.0
US.CHD,Church & Dwight,98.6,1444654.0,142158824.0
US.CSGP,CoStar,30.0,4735817.0,142107501.0
US.HII,Huntington Ingalls Industries,291.5,491236.0,142086229.0
US.AYI,Acuity,359.04,395187.0,141559975.0
US.OLLI,Ollie's Bargain Outlet,74.21,1888332.0,141230349.0
US.ARWR,Arrowhead Pharmaceuticals,83.99,1703383.0,141157006.0
US.ELAN,Elanco Animal Health,25.0,5689932.0,141155408.0
US.EGO,Eldorado Gold,33.68,4222086.0,141093031.0
US.FWONK,Liberty Formula One-C,98.5,1434166.0,140834153.0
US.WEC,WEC Energ Group Inc,118.83,1186740.0,140454238.0
US.KMX,CarMax,50.98,2756625.0,140082733.0
US.RGEN,Repligen,142.4,985760.0,139915392.0
US.MTRN,Materion,265.43,522971.0,139437951.0
US.GMED,Globus Medical,80.12,1752573.0,139342565.0
US.BELFB,Bel Fuse-B,266.94,494687.0,139145158.0
US.WRB,WR Berkley,72.08,1940695.0,139100789.0
US.BEN,Franklin Resources,34.11,4063487.0,138160702.0
US.SGI,Somnigroup International,78.43,1774580.0,138020280.0
US.IBRX,ImmunityBio,9.44,14674825.0,137615873.0
US.Z,Zillow-C,33.43,4114510.0,137577690.0
US.RUN,Sunrun,12.74,10765074.0,137438359.0
US.AUR,Aurora Innovation,6.63,20087128.0,137094692.0
US.DRS,"Leonardo DRS, Inc.",43.72,3148963.0,137092918.0
US.GEN,Gen Digital,26.67,5151793.0,136968310.0
US.MAS,Masco,82.77,1660123.0,136680169.0
US.MIDD,The Middleby,175.12,782287.0,136590326.0
US.NOVT,Novanta,161.72,846848.0,136510615.0
US.SEDG,SolarEdge Technologies,52.38,2543729.0,136203393.0
US.SLAB,Silicon Laboratories,218.22,623209.0,135944476.0
US.IT,Gartner,136.32,995946.0,135940114.0
US.COHU,Cohu Inc,59.27,2263213.0,135613506.0
US.BNTX,BioNTech,97.545,1390661.0,135502828.0
US.TOL,Toll Brothers,157.14,865422.0,135386066.0
US.FCFS,FirstCash,221.97,612865.0,135309036.0
US.UPST,Upstart,34.78,3818171.0,134653035.0
US.GTX,Garrett Motion,31.75,4213452.0,134651785.0
US.RIG,Transocean,5.06,26532036.0,134229614.0
US.OZK,Bank OZK,49.84,2645891.0,133948736.0
US.PFG,Principal Financial,110.87,1212666.0,133840957.0
US.ALLE,Allegion,140.58,954622.0,133636973.0
US.HAPN,Happen Inc,19.69,6764382.0,133489334.0
US.AFG,American Financial,142.75,941178.0,133360149.0
US.ZETA,Zeta Global,20.7,6395084.0,133068842.0
US.MUSA,Murphy USA,560.75,236790.0,132952677.0
US.LYFT,Lyft Inc,15.37,8801643.0,132755529.0
US.APTV,Aptiv PLC,58.89,2246397.0,132299958.0
US.NTES,NetEase,127.24,1040380.0,132232482.0
US.EVRG,Evergy,88.13,1505460.0,131997371.0
US.JLL,Jones Lang LaSalle,327.46,404857.0,131969799.0
US.PBF,PBF Energy,47.81,2739327.0,131816064.0
US.ALC,Alcon,69.66,1904981.0,131281271.0
US.EXEL,Exelixis,55.85,2364108.0,131140502.0
US.PKG,Packaging Corp of America,238.2,552867.0,131070126.0
US.RELX,RELX PLC,31.93,4145244.0,131048802.0
US.POST,Post Holdings,92.78,1418545.0,131045571.0
US.WFRD,Weatherford International,83.01,1579937.0,130230722.0
US.CCK,Crown Holdings,113.29,1152192.0,129981470.0
US.ORI,Old Republic International,41.87,3137674.0,129973165.0
US.EVR,Evercore,342.64,377863.0,129262551.0
US.ALHC,Alignment Healthcare,23.8,5434253.0,129205695.0
US.SUNB,Sunbelt Rentals Holdings,72.34,1788545.0,128795101.0
US.BBWI,Bath & Body Works,21.96,5891099.0,128276953.0
US.IP,International Paper,38.79,3340252.0,128220694.0
US.POOL,Pool Corp,219.47,585263.0,128099086.0
US.DPC,DPC Holdings,48.34,2735982.0,128028798.0
US.TSN,Tyson Foods,58.89,2173448.0,127668505.0
US.GFL,GFL Environmental,37.48,3432284.0,127256121.0
US.BSY,Bentley Systems,32.26,3927092.0,126525286.0
US.DB,Deutsche Bank,35.86,3499618.0,125844318.0
US.SAN,Banco Santander,13.95,8964510.0,125615758.0
US.SSRM,SSR Mining,30.62,4107888.0,125027205.0
US.PAYC,Paycom Software,139.21,907704.0,124979471.0
US.APG,APi Group,41.98,2975722.0,124643331.0
US.PNW,Pinnacle West Capital Corp,109.37,1144379.0,124284139.0
US.RXRX,Recursion Pharmaceuticals,3.8,32680470.0,124137897.0
US.SARO,StandardAero,30.11,4142652.0,124083092.0
US.MANH,Manhattan Associates,151.04,818775.0,123927026.0
US.VISN,Vistance Networks,12.15,10307105.0,123691646.0
US.CLH,Clean Harbors,291.2,426785.0,123679724.0
US.HALO,Halozyme Therapeutics,79.45,1566233.0,123530828.0
US.TU,TELUS,10.19,11977745.0,123415613.0
US.DUOL,Duolingo,125.76,1002431.0,123235120.0
US.FSS,Federal Signal,131.09,952311.0,122921980.0
US.COKE,Coca-Cola Consolidated,195.63,622621.0,122618723.0
US.LCII,LCI Industries,103.36,1181813.0,122157292.0
US.SOUN,SoundHound AI,6.55,18375524.0,122100776.0
US.JEF,Jefferies Financial,52.62,2304716.0,121859455.0
US.GRAB,Grab Holdings,3.9,31388189.0,121838100.0
US.PRIM,Primoris Services,88.2,1373905.0,121699289.0
US.GRMN,Garmin,240.02,507916.0,121553560.0
US.ITUB,Itau Unibanco,8.12,14869693.0,121077128.0
US.HSBC,HSBC Holdings,96.78,1247617.0,120929480.0
US.WYFI,WhiteFiber,31.44,3655066.0,120922304.0
US.WSO,Watsco,404.71,300432.0,120664050.0
US.TENB,Tenable Holdings,38.6,3144796.0,120588055.0
US.SWK,Stanley Black & Decker,91.9,1318758.0,120572036.0
US.LYG,Lloyds Banking,6.06,19854941.0,120489179.0
US.VSEC,VSE Corp,232.33,520649.0,120290838.0
US.QRVO,Qorvo,87.57,1364750.0,120176471.0
US.ZION,Zions Bancorp,69.35,1731100.0,120051350.0
US.EHC,Encompass Health,106.46,1134416.0,119981894.0
US.M,Macy's,23.25,5173396.0,119679234.0
US.MLI,Mueller Industries,56.5,2109738.0,119596134.0
US.OSK,Oshkosh,142.7,835780.0,119552302.0
US.KGS,Kodiak Gas Services,67.94,1730339.0,119399889.0
US.SPXC,SPX Technologies,227.74,528298.0,119377885.0
US.QURE,uniQure NV,41.81,2811026.0,119358323.0
US.MIAX,Miami International Holdings,40.84,2900554.0,119325263.0
US.ITT,ITT Inc,186.8,639679.0,119152531.0
US.BALL,Ball Corp,63.39,1885975.0,118669325.0
US.RYAN,Ryan Specialty Holdings,42.03,2839085.0,118330954.0
US.RDNT,RadNet,68.75,1717576.0,118153942.0
US.FNF,Fidelity National Financial,48.84,2422441.0,118152681.0
US.VMI,Valmont Industries,555.35,213134.0,118008088.0
US.TXT,Textron,92.5,1281272.0,117976680.0
US.TW,Tradeweb Markets,102.79,1141662.0,117682621.0
US.KNSL,Kinsale Capital,354.85,333511.0,117619009.0
US.MTCH,Match group,37.9,3091821.0,117468177.0
US.STLA,Stellantis NV,5.81,20118213.0,117410728.0
US.AR,Antero Resources,35.38,3327110.0,117266977.0
US.GL,Globe Life,180.49,651522.0,117254098.0
US.CDNL,Cardinal Infrastructure Group,74.25,1535764.0,117240586.0
US.PJT,PJT Partners,162.99,723745.0,117170028.0
US.FND,Floor & Decor,59.04,1989122.0,116892458.0
US.HBM,Hudbay Minerals,22.59,5123061.0,116768450.0
US.VPG,Vishay Precision Group,121.59,913003.0,116726430.0
US.DINO,HF Sinclair,72.5,1601477.0,116511109.0
US.OVV,Ovintiv,52.96,2206370.0,116332837.0
US.GPOR,Gulfport Energy,168.87,689500.0,116150849.0
US.MDGL,Madrigal Pharmaceuticals,528.1,221894.0,116067656.0
US.LGN,Legence,75.83,1541579.0,115979282.0
US.LGND,Ligand Pharmaceuticals,319.55,368156.0,115748893.0
US.FRMI,Fermi,8.06,14024011.0,115703619.0
US.JHX,James Hardie Industries,25.81,4484384.0,115694857.0
US.SONY,Sony,20.79,5589037.0,115673281.0
US.SAIA,Saia,416.69,277639.0,115657210.0
US.TARS,Tarsus Pharmaceuticals,65.44,1785690.0,115406625.0
US.ACM,AECOM Technology,67.74,1709483.0,115158075.0
US.KLAR,Klarna Group,19.72,5809751.0,115035224.0
US.CROX,Crocs,125.28,921072.0,114850463.0
US.ALK,Alaska Air,51.09,2245212.0,114781933.0
US.DOCU,DocuSign,45.77,2484379.0,114116624.0
US.STE,Steris PLC,218.2,525307.0,114083051.0
US.PRAX,Praxis Precision Medicines,318.52,358320.0,113660485.0
US.ORA,Ormat Technologies,112.56,1009077.0,113522686.0
US.BILL,BILL Holdings,40.48,2817623.0,113273079.0
US.EOSE,Eos Energy,5.23,20911709.0,112630332.0
US.PNFP,Pinnacle Financial Partners,99.5,1133128.0,112343790.0
US.BWXT,BWX Technologies,191.06,587530.0,112057138.0
US.VFC,VF Corp,16.3,6840333.0,112025311.0
US.QUBT,Quantum Computing,9.05,12099109.0,112013486.0
US.VOYA,Voya Financial,94.37,1186481.0,111951479.0
US.AEO,American Eagle Outfitters,16.46,6774079.0,111922913.0
US.CHH,Choice Hotels International,112.37,1006520.0,111799607.0
US.SPHR,Sphere Entertainment,163.79,679796.0,111636928.0
US.INOD,Innodata,68.88,1611406.0,111608687.0
US.CELC,Celcuity,107.95,1044326.0,111433077.0
US.NYT,New York Times,73.85,1515877.0,111170759.0
US.TAP,Molson Coors Beverage,39.78,2793270.0,111147101.0
US.SSB,SouthState Bank,100.16,1108781.0,111067431.0
US.CACC,Credit Acceptance,657.12,169402.0,110932853.0
US.CAKE,Cheesecake Factory,79.18,1410375.0,110900426.0
US.SM,SM Energy,26.85,4165629.0,110815202.0
US.LQDA,Liquidia,78.93,1405603.0,110738011.0
US.MTDR,Matador Resources,50.18,2217629.0,110709129.0
US.ING,ING Groep,32.1,3437064.0,110590220.0
US.NDSN,Nordson,290.38,380563.0,110509251.0
US.RVTY,Revvity,113.76,972331.0,110173483.0
US.ARMK,Aramark,56.29,1960799.0,110168355.0
US.TTAN,ServiceTitan,78.31,1412050.0,109587681.0
US.AVY,Avery Dennison,166.97,658068.0,109381464.0
US.COLB,Columbia Banking System,31.72,3434797.0,109292815.0
US.DSY,Big Tree Cloud,4.47,22719047.0,109176324.0
US.AS,Amer Sports,35.05,3139928.0,109086208.0
US.VVV,Valvoline,39.08,2813833.0,108979860.0
US.ANF,Abercrombie & Fitch,92.42,1189316.0,108874181.0
US.FER,Ferrovial SE,67.72,1596780.0,108611582.0
US.AXGN,AxoGen,45.89,2409600.0,108579939.0
US.J,Jacobs Engineering,127.89,853205.0,108551919.0
US.SMMT,Summit Therapeutics,15.42,7105020.0,108420504.0
US.FRPT,Freshpet,56.38,1918798.0,108247610.0
US.LEU,Centrus Energy,162.13,649792.0,108026413.0
US.NTRS,Northern Trust,176.5,613145.0,107914339.0
US.TIGO,Millicom International Cellular,93.76,1149880.0,107860199.0
US.AMPX,Amprius Technologies,12.38,8314203.0,107779571.0
US.TXG,10x Genomics,39.01,2773275.0,107677542.0
US.RYTM,Rhythm Pharmaceuticals,114.17,955041.0,107610264.0
US.SOC,Sable Offshore,4.25,25907763.0,107547050.0
US.SOLV,Solventum,78.27,1367006.0,107202952.0
US.ENSG,Ensign,168.22,639424.0,107077164.0
US.RAL,Ralliant,68.36,1567857.0,107045751.0
US.FRVO,Fervo Energy,27.79,3723397.0,106967389.0
US.AMRZ,Amrize,53.64,1986916.0,106455275.0
US.LBRT,Liberty Energy,23.79,4430183.0,106081398.0
US.IAG,Iamgold,16.56,6413804.0,106075127.0
US.AOS,A.O. Smith,62.72,1700005.0,105885960.0
US.CRUS,Cirrus Logic,146.24,729618.0,105697180.0
US.FOX,Fox Corp-B,50.56,2113059.0,105628041.0
US.RRC,Range Resources,37.81,2790328.0,105348418.0
US.GME,GameStop,22.82,4610975.0,105259614.0
US.SSNC,SS&C Technologies,65.52,1602733.0,104849432.0
US.HIVE,HIVE Digital Technologies,3.24,30834557.0,104758736.0
US.GDS,GDS Holdings,29.82,3516532.0,104528868.0
US.FLY,Firefly Aerospace,28.9,3550931.0,104064019.0
US.AIT,Applied Industrial Technologies,330.85,313850.0,103754343.0
US.ESLT,Elbit Systems,803.26,128754.0,103692085.0
US.RNR,RenaissanceRe Holdings,326.29,318841.0,103446039.0
US.HRL,Hormel Foods,25.0,4142186.0,103434672.0
US.ECG,Everus Construction,138.26,730549.0,103299597.0
US.CR,Crane,217.64,474579.0,103150333.0
US.DBX,Dropbox,28.56,3609382.0,103146671.0
US.HRB,H&R Block,40.04,2580487.0,103001487.0
US.PUMP,ProPetro Holding,12.09,8372387.0,102919013.0
US.WLK,Westlake,74.77,1381772.0,102913171.0
US.DFTX,Definium Therapeutics,44.19,2363067.0,102686502.0
US.BIO,Bio-Rad Laboratories,296.86,344714.0,102662326.0
US.SCI,Service Corporation International,78.56,1309725.0,102318092.0
US.PLXS,Plexus,275.11,370275.0,102204295.0
US.FLR,Fluor,49.45,2050526.0,101727326.0
US.CNH,CNH Industrial,10.72,9353728.0,100586489.0
US.GPI,Group 1 Automotive,288.39,349734.0,100176147.0
US.PNR,Pentair,76.72,1308000.0,100142370.0
US.PBR.A,Petroleo Brasileiro SA Petrobras,14.52,6851326.0,100060671.0
US.TTE,TotalEnergies,76.69,1303537.0,99653724.0
US.ONB,Old National Bancorp,26.0,3813508.0,99264957.0
US.POWI,Power Integrations,72.99,1343251.0,99199752.0
US.PURR,HYPERLIQUID STRATEGIES INC,8.05,11961352.0,99185187.0
US.IEX,IDEX Corp,223.82,443149.0,99047272.0
US.HAE,Haemonetics,75.07,1329863.0,98873759.0
US.EQNR,Equinor,32.04,3085734.0,98665518.0
US.SNEX,StoneX,120.55,808848.0,98473179.0
US.LTH,Life Time,40.81,2424420.0,98334078.0
US.GSAT,Globalstar,80.39,1219587.0,97973106.0
US.LAD,Lithia Motors,306.23,323064.0,97549111.0
US.GGG,Graco,75.24,1297874.0,97418695.0
US.KEX,Kirby,129.84,748131.0,97239577.0
US.HEI.A,Heico-A,261.7,371767.0,97087229.0
US.THG,The Hanover Insurance,221.61,440819.0,97083172.0
US.XE,X-Energy,17.27,5362794.0,96913610.0
US.BBD,Bank Bradesco SA(prefer share ADS),3.45,27910311.0,96715646.0
US.STNG,Scorpio Tankers,73.01,1324972.0,96697807.0
US.CAMT,Camtek,142.5,671895.0,95938355.0
US.BAP,Credicorp,391.21,245165.0,95917257.0
US.YMM,Full Truck Alliance,8.43,11347181.0,95867767.0
US.CMC,Commercial Metals,61.73,1554734.0,95723888.0
US.ERIC,LM Ericsson Telephone,10.79,8791965.0,95450228.0
US.MATX,Matson,203.53,472973.0,95395263.0
US.ST,Sensata Technologies,45.34,2110996.0,95348810.0
US.HMC,Honda Motor,28.02,3395893.0,95300898.0
US.FMX,FEMSA,129.3,733494.0,95208468.0
US.TVTX,Travere Therapeutic,56.92,1698997.0,95072571.0
US.CENX,Century Aluminum,43.76,2153219.0,94804223.0
US.AVT,Avnet,82.18,1148762.0,94774039.0
US.PEN,Penumbra,318.57,296718.0,94460734.0
US.ULS,UL Solutions,96.99,962153.0,94309721.0
US.PLNT,Planet Fitness,53.45,1760005.0,94189451.0
US.CVLT,CommVault Systems,149.98,628434.0,93800566.0
US.S,SentinelOne,17.51,5318949.0,93703112.0
US.VKTX,Viking Therapeutics,37.44,2487336.0,93316685.0
US.HNGE,Hinge Health,84.05,1112788.0,93304645.0
US.HQY,HealthEquity,95.31,986248.0,93265179.0
US.PGY,Pagaya Technologies,17.79,5183695.0,93183991.0
US.VLY,Valley National Bancorp,14.59,6379711.0,93053533.0
US.ESE,ESCO Technologies,332.78,279304.0,92748525.0
US.CECO,CECO Environmental,82.15,1137783.0,92496886.0
US.MHK,Mohawk Industries,119.35,776404.0,92489183.0
US.SRRK,Scholar Rock,54.88,1726056.0,92189270.0
US.PTGX,Protagonist Therapeutics,131.62,708390.0,91804927.0
US.RYAAY,Ryanair,65.49,1394560.0,91148367.0
US.NGG,National Grid,82.85,1103735.0,91084112.0
US.HXL,Hexcel,99.31,921567.0,91043328.0
US.WTRG,Essential Utilities,39.38,2315267.0,91038917.0
US.CHRD,Chord Energy,113.32,804649.0,90984971.0
US.PTEN,Patterson-UTI Energy,8.66,10440063.0,90674971.0
US.CRNX,Crinetics,42.23,2176712.0,90652016.0
US.ESTC,Elastic,58.04,1555250.0,90326272.0
US.BULL,Webull,7.17,12375052.0,90188363.0
US.GIL,Gildan Activewear,51.5,1770376.0,89990499.0
US.MGA,Magna International,62.69,1426925.0,89932890.0
US.HLN,Haleon,9.82,9190221.0,89636901.0
US.LCID,Lucid Group,6.08,14368218.0,89618400.0
US.TFX,Teleflex,133.99,673199.0,89550930.0
US.TEX,Terex Corp,68.16,1320971.0,89520009.0
US.DLO,DLocal,14.88,5944236.0,89393060.0
US.AUGO,Aura Minerals,65.46,1380764.0,89129624.0
US.KYMR,Kymera Therapeutics,113.51,788344.0,89128989.0
US.ALKS,Alkermes,54.58,1653919.0,88897339.0
US.CRBG,Corebridge Financial,29.76,3021256.0,88877255.0
US.SBET,SharpLink,5.31,16324138.0,88822658.0
US.XENE,Xenon Pharmaceuticals,60.96,1462554.0,88814945.0
US.KTB,Kontoor Brands,85.0,1052997.0,88719726.0
US.GVA,Granite Construction,145.93,607294.0,88711545.0
US.GTLB,Gitlab,32.07,2763357.0,88597379.0
US.HMY,Harmony Gold Mining,16.09,5479455.0,88318254.0
US.UBS,UBS Group,51.04,1725612.0,88207917.0
US.R,Ryder System,260.72,336291.0,88102927.0
US.VC,Visteon,102.45,860108.0,87710961.0
US.ONC,BeiGene,297.65,294978.0,87557900.0
US.TM,Toyota Motor,174.59,502505.0,87516340.0
US.KRYS,Krystal Biotech,375.07,235279.0,87476048.0
US.BMRN,Biomarin Pharmaceutical,58.99,1483584.0,87367267.0
US.OR,Osisko Gold Royalties,31.44,2812198.0,87245386.0
US.LOGI,Logitech International,94.0,922480.0,87234851.0
US.ANAB,AnaptysBio,63.42,1355586.0,87212939.0
US.VNET,21Vianet,7.92,10859533.0,87186735.0
US.WAL,Western Alliance Bancorp,81.54,1063121.0,86605761.0
US.WTFC,Wintrust Financial,161.19,537433.0,86590710.0
US.BBAI,BigBear.ai Holdings,3.53,24129405.0,86578207.0
US.SBSW,Sibanye Stillwater,8.96,9676120.0,86510181.0
US.HLNE,Hamilton Lane,79.76,1080973.0,86132558.0
US.SXI,Standex International,327.87,258467.0,85951850.0
US.WHR,Whirlpool,38.1,2229392.0,85811507.0
US.SKM,SK Telecom,31.8,2720438.0,85761748.0
US.IVZ,Invesco,27.01,3173031.0,85588464.0
US.CAR,Avis Budget,163.44,543098.0,85303994.0
US.SIG,Signet Jewelers,84.12,1024302.0,85284856.0
US.BAM,Brookfield Asset Management,45.87,1863041.0,85245719.0
US.UNM,Unum Group,92.34,926381.0,85098074.0
US.AVTR,Avantor,10.32,8327588.0,85056132.0
US.MWH,SOLV Energy,30.45,2782716.0,85035485.0
US.CHE,Chemed,489.66,173927.0,84996756.0
US.LECO,Lincoln Electric,258.43,329287.0,84871818.0
US.HWC,Hancock Whitney,74.61,1134635.0,84685999.0
US.AXS,Axis Capital Holdings,113.36,754175.0,84543353.0
US.SYRE,Spyre Therapeutics,86.63,973964.0,84379114.0
US.VNOM,Viper Energy,40.75,2071596.0,84378672.0
US.BYD,Boyd Gaming,87.9,963495.0,84103068.0
US.DCO,Ducommun Inc,186.6,446983.0,83938907.0
US.RGA,Reinsurance Group of America,221.0,381924.0,83812113.0
US.GGB,Gerdau,4.07,20453649.0,83753881.0
US.SRPT,Sarepta Therapeutics,19.28,4358120.0,83583336.0
US.AAP,Advance Auto Parts,61.53,1359419.0,83492941.0
US.MTN,Vail Resorts,140.68,597541.0,83467244.0
US.CG,The Carlyle Group,42.83,1941363.0,83418134.0
US.UMBF,UMB Financial,143.8,579642.0,83341214.0
US.KVYO,Klaviyo,16.9,4938841.0,83169884.0
US.IOVA,Iovance Biotherapeutics,4.31,20542153.0,83087963.0
US.SHLS,Shoals Technologies,9.95,8291813.0,82747485.0
US.YOU,Clear Secure,53.79,1527275.0,82516997.0
US.LPX,Louisiana-Pacific,79.31,1045925.0,82452704.0
US.PDFS,PDF Solutions,59.18,1375775.0,82128956.0
US.DEO,Diageo,82.16,1000530.0,81920598.0
US.FRO,Frontline,36.75,2234140.0,81849867.0
US.VOR,Vor Biopharma,20.59,3911285.0,81636680.0
US.RS,Reliance,372.01,219649.0,81616921.0
US.FNB,F.N.B. Corp,19.03,4279871.0,81570898.0
US.FLS,Flowserve,72.34,1125662.0,81525006.0
US.ROAD,Construction Partners,107.92,753420.0,80991313.0
US.MIRM,Mirum Pharmaceuticals,125.59,652999.0,80980260.0
US.SSD,Simpson Manufacturing,200.72,401766.0,80476374.0
US.ASST,Strive,13.11,6062575.0,80142596.0
US.SITE,SiteOne Landscape Supply,112.39,720014.0,80140497.0
US.BEAM,Beam Therapeutics,34.79,2316284.0,79899330.0
US.PCVX,Vaxcyte,58.39,1378654.0,79838049.0
US.PTRN,Pattern Group,26.43,3021223.0,79664883.0
US.ATRO,Astronics,70.83,1104440.0,79607086.0
US.DOCS,Doximity,21.86,3621495.0,79463019.0
US.MORN,Morningstar,165.94,475239.0,79372722.0
US.RXT,Rackspace Technology,5.72,13301357.0,79273370.0
US.MUFG,Mitsubishi UFJ Financial Group,20.61,3839763.0,79159636.0
US.GNTX,Gentex,24.51,3230730.0,78808946.0
US.MKTX,MarketAxess,116.53,672703.0,78421282.0
US.APPS,Digital Turbine,12.71,6019560.0,78328557.0
US.ALV,Autoliv,116.24,674313.0,78229161.0
US.SGHC,Super Group,14.51,5431228.0,78114077.0
US.MAIR,Madison Air Solutions Corp,37.18,2115181.0,78104655.0
US.INGR,Ingredion,97.62,803571.0,78090896.0
US.BRUN,Boost Run,31.76,2489811.0,77956867.0
US.COCO,Vita Coco,66.16,1166428.0,77919088.0
US.YUMC,Yum China,41.7,1861456.0,77703512.0
US.EMN,Eastman Chemical,68.86,1133729.0,77664205.0
US.CHYM,Chime Financial,20.87,3683708.0,77130446.0
US.POR,Portland General Electric,52.72,1468494.0,77118340.0
US.AIZ,Assurant,279.48,276650.0,76738651.0
US.CE,Celanese Corp,47.68,1621984.0,76725812.0
US.CX,Cemex,12.29,6204298.0,76714394.0
US.RSI,Rush Street Interactive,31.68,2424650.0,76418688.0
US.NEU,NewMarket,786.6,97510.0,76396112.0
US.ALM,Almonty Industries,15.71,4759479.0,76383134.0
US.HTHT,H World Group,42.14,1809874.0,76180335.0
US.VG,Venture Global,11.13,6825282.0,76135766.0
US.NKTR,Nektar Therapeutics,71.04,1120778.0,76093062.0
US.BLBD,Blue Bird,76.08,992146.0,75628393.0
US.PRMB,Primo Brands,25.02,3016735.0,75499921.0
US.BOOT,Boot Barn Holdings,157.72,477848.0,75310604.0
US.RPM,RPM International,111.62,672742.0,75019226.0
US.L,Loews,116.52,644880.0,74818606.0
US.IRON,Disc Medicine,76.26,985673.0,74801451.0
US.MANE,Veradermics,129.74,582501.0,74545475.0
US.WMS,Advanced Drainage,152.18,491677.0,74456690.0
US.MRCY,Mercury Systems,126.21,595332.0,74333284.0
US.ERAS,Erasca,18.47,4096130.0,74233775.0
US.GBX,Greenbrier Companies,47.54,1587189.0,74106776.0
US.CBSH,Commerce Bancshares,58.03,1276258.0,74098816.0
US.LSTR,Landstar System,208.21,356293.0,73976474.0
US.NTLA,Intellia Therapeutics,17.56,4165309.0,73910965.0
US.LAES,SEALSQ Corp,3.03,24282387.0,73768052.0
US.BLLN,BillionToOne,120.35,611592.0,73640638.0
US.PCTY,Paylocity,115.1,642016.0,73630039.0
US.BDC,Belden,115.41,632903.0,73443045.0
US.ADPT,Adaptive Biotechnologies,21.19,3393935.0,73392580.0
US.DOX,Amdocs,51.75,1419708.0,73300477.0
US.FHN,First Horizon National,25.68,2849452.0,73227178.0
US.SYM,Symbotic,42.74,1695937.0,73184863.0
US.FAF,First American Financial,69.48,1051188.0,73151161.0
US.KBR,KBR Inc,36.41,2030413.0,73148707.0
US.MNDY,monday.com,79.77,924701.0,72912097.0
US.DTM,DT Midstream,144.59,505464.0,72829631.0
US.ALGT,Allegiant Travel,118.67,615154.0,72712129.0
US.LKQ,LKQ Corp,26.55,2744420.0,72531800.0
US.SF,Stifel Financial,73.17,993875.0,72469669.0
US.AIR,AAR Corp,140.11,515292.0,72320833.0
US.CSTM,Constellium,29.49,2436241.0,72288155.0
US.CHDN,Churchill Downs,90.91,803305.0,72277634.0
US.HGV,Hilton Grand Vacations,52.91,1378482.0,72090859.0
US.MIACU,MERIDIAN3 INDUSTRIALS ACQUIS CORP UNIT EACH REP 1 ORD SHS & 0.5 WT,10.0,7198645.0,72023388.0
US.SLDE,Slide Insurance Holdings,21.25,3410595.0,71995308.0
US.HAYW,Hayward Holdings,16.97,4238240.0,71964532.0
US.VSNT,Versant Media,37.95,1903942.0,71859106.0
US.ACI,Albertsons Companies,14.13,5098213.0,71798345.0
US.MC,Moelis & Co,68.55,1045756.0,71796504.0
US.VIST,Vista Energy,60.36,1179769.0,71748058.0
US.CALM,Cal-Maine Foods,83.85,862736.0,71630252.0
US.JBTM,JBT Marel,145.83,492612.0,71543625.0
US.DLB,Dolby Laboratories,51.15,1391223.0,71510374.0
US.COGT,Cogent Biosciences,38.69,1858903.0,71485290.0
US.EXLS,ExlService,27.02,2632864.0,71482972.0
US.WEX,WEX Inc,146.48,490978.0,71381481.0
US.CNX,CNX Resources Corp,33.84,2091136.0,70792772.0
US.AESI,Atlas Energy Solutions,14.47,4831876.0,70450736.0
US.HCC,Warrior Met Coal,80.83,879832.0,70419373.0
US.VGNT,VERSIGENT PLC,40.2,1744163.0,70364536.0
US.RELY,Remitly Global,23.75,2989369.0,70226319.0
US.MSGS,Madison Square Garden Sports,395.16,177052.0,70207306.0
US.NSIT,Insight Enterprises,113.34,622704.0,70189645.0
US.NXST,Nexstar Media Group,181.09,390434.0,70177174.0
US.IRTC,iRhythm Technologies,126.48,557663.0,70160826.0
US.NOV,NOV Inc,18.02,3891174.0,70136130.0
US.CNK,Cinemark,31.53,2218807.0,69951304.0
US.AMG,Affiliated Managers,344.6,204099.0,69888074.0
US.TTEK,Tetra Tech Inc,29.9,2352583.0,69884054.0
US.GLOB,Globant,32.51,2140955.0,69826955.0
US.TPG,TPG Inc,41.43,1683384.0,69823620.0
US.LW,Lamb Weston,45.91,1534000.0,69710268.0
US.DNTH,Dianthus Therapeutics,94.34,753183.0,69598069.0
US.HLI,Houlihan Lokey,140.15,496908.0,69529958.0
US.EXP,Eagle Materials,220.15,315182.0,69218122.0
US.FMC,FMC Corp,11.35,6051516.0,69150773.0
US.BKH,Black Hills Corp,73.79,934104.0,68837722.0
US.ADEA,Adeia,29.19,2334158.0,68696982.0
US.CORT,Corcept Therapeutics,90.21,772001.0,68652210.0
US.BFH,Bread Financial,102.21,672903.0,68635435.0
US.SQM,Sociedad Quimica Y Minera De Chile,72.7,935758.0,68447353.0
US.BIRK,Birkenstock,45.99,1506764.0,68431182.0
US.VAL,Valaris,75.35,900104.0,67883838.0
US.RLI,RLI Corp,62.52,1091961.0,67843789.0
US.ABCL,AbCellera Biologics,8.11,8464236.0,67827638.0
US.TNGX,Tango Therapeutics,29.46,2307525.0,67574672.0
US.PVH,PVH Corp,75.23,899495.0,67547558.0
US.URBN,Urban Outfitters,70.72,956887.0,67542182.0
US.BF.B,Brown-Forman-B,26.16,2581689.0,67501934.0
US.ASB,Associated Banc,30.64,2196662.0,67474622.0
US.OLED,Universal Display,78.7,851658.0,67471318.0
US.BPOP,Popular,167.26,403693.0,67322306.0
US.AEVA,Aeva Technologies,23.98,2667141.0,67242308.0
US.JBS,JBS N.V,12.26,5465205.0,67226058.0
US.CWST,Casella Waste Systems,97.49,697963.0,67214054.0
US.CZR,Caesars Entertainment,30.39,2215322.0,67166914.0
US.PII,Polaris,63.12,1068898.0,67143448.0
US.ACIW,ACI Worldwide,54.88,1231087.0,66906708.0
US.LEA,Lear,130.85,512440.0,66894391.0
US.WIX,Wix.com,49.35,1352718.0,66881978.0
US.LASR,nLIGHT,63.25,1045853.0,66852719.0
US.BFLY,Butterfly Network,7.68,8694644.0,66817909.0
US.SEIC,SEI Investments,91.43,730746.0,66793956.0
US.OGE,OGE Energy,49.44,1352522.0,66525891.0
US.TS,Tenaris,54.13,1229821.0,66458408.0
US.SKWD,Skyward Specialty Insurance,61.42,1082801.0,66412571.0
US.HRI,Herc Holdings,134.91,490492.0,66377049.0
US.VCYT,Veracyte,57.08,1150166.0,66334493.0
US.VIRT,Virtu Financial,61.77,1069450.0,66080647.0
US.MAT,Mattel,13.34,4936980.0,65907042.0
US.UFPT,UFP Technologies,272.36,244173.0,65747314.0
US.OLN,Olin,20.04,3291285.0,65683698.0
US.RRR,Red Rock Resorts,65.6,1015551.0,65621620.0
US.PEGA,Pegasystems,31.045,2079811.0,65615280.0
US.AGCO,AGCO Corp,116.49,562844.0,65565080.0
US.ARCC,Ares Capital Corp,18.73,3515615.0,65531395.0
US.CFR,Cullen/Frost Bankers,154.86,423652.0,65511910.0
US.QGEN,Qiagen NV,40.1,1625900.0,65087795.0
US.ICUI,ICU Medical,154.97,424323.0,65051997.0
US.BOX,Box Inc,27.89,2327906.0,64982545.0
US.MFC,Manulife Financial,41.18,1580230.0,64640850.0
US.ABG,Asbury Automotive,205.4,318038.0,64534891.0
US.AIP,Arteris,35.06,1759353.0,64432828.0
US.NNE,NANO Nuclear Energy,20.03,3103419.0,64389608.0
US.ATEX,Anterix,105.14,612157.0,64137547.0
US.PSN,Parsons,56.29,1150899.0,64069152.0
US.PIPR,Piper Sandler,71.09,896679.0,64039187.0
US.NUAI,New Era Energy & Digital,4.775,13091628.0,64011577.0
US.MTH,Meritage Homes,81.86,783489.0,63961002.0
US.WGS,GeneDx Holdings,67.51,925869.0,63705206.0
US.QTWO,Q2 Holdings,52.63,1214618.0,63457458.0
US.NOG,Northern Oil & Gas,17.95,3544223.0,63328635.0
US.FIVN,Five9,23.44,2681288.0,63165258.0
US.WRBY,Warby Parker,29.26,2158212.0,63045061.0
US.AROC,Archrock,36.79,1691992.0,62924569.0
US.DIOD,Diodes,96.25,641422.0,62739775.0
US.IPAR,Interparfums,119.39,526974.0,62623771.0
US.AQN,Algonquin Power & Utilities,5.48,11247360.0,62379239.0
US.IBP,Installed Building Products,228.26,274930.0,62191011.0
US.WSC,WillScot Holdings,26.66,2322211.0,62013478.0
US.BRBR,BellRing Brands,13.86,4471645.0,61782327.0
US.FLG,Flagstar Financial,14.59,4194984.0,61529062.0
US.BW,Babcock & Wilcox Enterprises,11.74,5202156.0,61417945.0
US.TREX,Trex Co.,48.47,1268420.0,61256424.0
US.LAZ,Lazard,41.54,1466945.0,61253525.0
US.APPF,Appfolio,170.9,357967.0,61198206.0
US.INSP,Inspire Medical Systems,46.95,1301837.0,61098128.0
US.DDS,Dillard's,547.21,111807.0,60996971.0
US.ABSI,Absci Corp,11.62,5278702.0,60734265.0
US.RHI,Robert Half,33.48,1810509.0,60733331.0
US.NWL,Newell Brands,5.83,10499845.0,60484955.0
US.NCNO,nCino,17.75,3384399.0,60280951.0
US.AVEX,AEVEX Corp,20.69,2852575.0,60187227.0
US.AWI,Armstrong World Industries,158.56,380205.0,60087014.0
US.CNXC,Concentrix,23.6,2510159.0,60066002.0
US.ARCB,ArcBest,139.67,432071.0,60056374.0
US.DK,Delek US,52.61,1138263.0,59777187.0
US.CLBT,Cellebrite,15.65,3798865.0,59625835.0
US.GLNG,Golar LNG,49.01,1213385.0,59587768.0
US.INDV,Indivior,39.8,1488844.0,59380595.0
US.ATR,AptarGroup,126.98,468388.0,59327939.0
US.PSKY,Paramount Skydance,10.39,5759795.0,59192227.0
US.CRGY,Crescent Energy,9.34,6256906.0,58973665.0
US.LEVI,Levi Strauss & Co.,24.41,2408325.0,58776470.0
US.ITRI,Itron,85.11,691178.0,58754393.0
US.SHAK,Shake Shack,56.47,1043111.0,58708054.0
US.KSS,Kohl's Corp,18.19,3210707.0,58687255.0
US.TAK,Takeda Pharmaceutical,16.77,3515152.0,58613688.0
US.ABEV,Ambev SA,3.1,18766237.0,58427315.0
US.NESR,National Energy Services Reunited,27.9,2086845.0,58358094.0
US.BAND,Bandwidth,61.6,931754.0,58283905.0
US.FOUR,Shift4 Payments,51.35,1142544.0,58272153.0
US.SKY,Champion Homes,85.25,682795.0,58156022.0
US.NWG,NatWest,17.99,3220155.0,58148345.0
US.EXTR,Extreme Networks,29.8,1945288.0,58092943.0
US.MPLX,MPLX LP,57.16,1022674.0,58059345.0
US.DCI,Donaldson,89.09,653996.0,57973928.0
US.RLAY,Relay Therapeutics,18.65,3173112.0,57949653.0
US.TENX,Tenax Therapeutics,15.46,3894945.0,57870653.0
US.MRX,Marex Group,62.52,914406.0,57769938.0
US.LFST,LifeStance Health,11.27,5079780.0,57666820.0
US.STUB,Stubhub Holdings,12.86,4514823.0,57641639.0
US.XP,XP Inc,16.16,3539327.0,57433569.0
US.TMDX,TransMedics,68.86,832769.0,57368613.0
US.RCI,Rogers Communications,31.62,1796216.0,57331650.0
US.JAN,Janus Living,29.12,1966980.0,57297674.0
US.UAMY,United States Antimony,7.43,7504873.0,57187123.0
US.MBLY,Mobileye Global,9.57,6034544.0,57178270.0
US.GATX,GATX Corp,173.67,334399.0,57091819.0
US.FUL,H.B. Fuller,58.06,984914.0,56856361.0
US.ATAI,AtaiBeckley,5.19,11327766.0,56782141.0
US.BCO,The Brink's,101.5,560098.0,56768141.0
US.SR,Spire,79.68,715547.0,56752773.0
US.TDC,Teradata Corp,34.56,1648705.0,56738412.0
US.VRNS,Varonis Systems,42.86,1333544.0,56719358.0
US.VOYG,Voyager Technologies,34.22,1637756.0,56611013.0
US.TDW,Tidewater,68.12,828230.0,56548370.0
US.CCC,CCC Intelligent Solutions Holdings,5.58,10125275.0,56512502.0
US.ASO,Academy,47.84,1181817.0,56418537.0
US.ALKT,Alkami Technology,19.02,2942849.0,56395875.0
US.FSLY,Fastly,18.13,3113454.0,56378450.0
US.PSMT,Pricesmart,197.9,287067.0,56366973.0
US.BHVN,Biohaven,15.96,3530661.0,56362398.0
US.DXC,DXC Technology,9.91,5674388.0,55993131.0
US.LNTH,Lantheus,109.89,511116.0,55943462.0
US.ZWS,Zurn Elkay Water Solutions,49.16,1143548.0,55939662.0
US.GLBE,Global-E Online,36.85,1507953.0,55825420.0
US.XMTR,Xometry,91.815,603926.0,55796842.0
US.NE,Noble,37.99,1467272.0,55765372.0
US.TDS,Telephone and Data Systems,36.19,1547614.0,55758657.0
US.SLM,SLM Corp,25.6,2188590.0,55555670.0
US.MSGE,Madison Square Garden Entertainment,78.39,706048.0,55489262.0
US.CGON,CG Oncology,70.36,792385.0,55478658.0
US.EPD,Enterprise Products,36.75,1510136.0,55472453.0
US.FLO,Flowers Foods,8.63,6484243.0,55451650.0
US.CALX,Calix,38.48,1458984.0,55152351.0
US.AEG,Aegon Ltd,8.66,6373951.0,55133214.0
US.PTON,Peloton Interactive,5.75,9515639.0,55106157.0
US.BFAM,Bright Horizons Family Solutions,75.14,739875.0,55064337.0
US.SHC,Sotera Health Company,17.93,3085192.0,54885017.0
US.TCBI,Texas Capital Bancshares,103.95,529071.0,54853015.0
US.OMF,OneMain,59.5,923663.0,54819600.0
US.CMPS,COMPASS Pathways,13.62,4103686.0,54790296.0
US.XRAY,Dentsply Sirona,11.65,4797010.0,54778580.0
US.SAIC,Science Applications International,110.96,499260.0,54737896.0
US.UI,Ubiquiti,525.38,104013.0,54657887.0
US.FTDR,Frontdoor,78.5,700428.0,54628492.0
US.RNG,RingCentral,40.01,1351381.0,54443562.0
US.MMYT,MakeMyTrip,58.27,940146.0,54306747.0
US.KALU,Kaiser Aluminum,176.27,306723.0,54244101.0
US.CAI,Caris Life Sciences,18.3,2927412.0,54232432.0
US.BTE,Baytex Energy,3.89,13933257.0,54172836.0
US.CC,The Chemours,19.01,2818909.0,54119359.0
US.PRCH,Porch Group,15.19,3434750.0,54024245.0
US.VOD,Vodafone,13.15,4097532.0,53916841.0
US.HTFL,Heartflow,27.965,1892539.0,53881704.0
US.DJT,Trump Media & Technology,8.54,6304745.0,53873467.0
US.FCN,FTI Consulting,153.59,351206.0,53717536.0
US.HOG,Harley-Davidson,24.96,2152550.0,53652369.0
US.IDCC,InterDigital,281.4,190557.0,53529781.0
US.NFG,National Fuel Gas,79.34,677871.0,53466903.0
US.MGY,Magnolia Oil & Gas,25.2,2115236.0,53329656.0
US.TME,Tencent Music,8.63,6155379.0,53294237.0
US.MUR,Murphy Oil,31.88,1670553.0,53233021.0
US.SAM,Boston Beer,183.62,288387.0,53102901.0
US.PPC,Pilgrim's Pride,28.76,1859344.0,53015089.0
US.AMBQ,Ambiq Micro,82.85,639017.0,52776573.0
US.ASTH,Astrana Health,49.17,1051937.0,52688652.0
US.DSGX,Descartes Systems Group,72.795,725304.0,52646232.0
US.MDA,MDA Space,40.75,1297028.0,52411173.0
US.OPLN,OPENLANE,40.6,1298630.0,52372091.0
US.LNC,Lincoln National,37.0,1416050.0,52117043.0
US.KBH,KB Home,61.16,852433.0,51859575.0
US.LOAR,Loar Holdings,80.9,645309.0,51803912.0
US.CWEN,Clearway Energy-C,32.76,1563343.0,51735210.0
US.G,Genpact,29.1,1781636.0,51717888.0
US.EBC,Eastern Bankshares,22.36,2305356.0,51659170.0
US.AXTA,Axalta Coating Systems,35.11,1477201.0,51636404.0
US.PSNL,Personalis,13.62,3788616.0,51592735.0
US.SWX,Southwest Gas Holdings,89.81,577200.0,51536916.0
US.GTES,Gates Industrial,26.69,1932020.0,51516296.0
US.PENN,Penn Entertainment,22.015,2352443.0,51475957.0
US.ARXS,Arxis,44.95,1134430.0,51434875.0
US.BEKE,KE Holdings,15.09,3399461.0,51314791.0
US.LOPE,Grand Canyon Education,152.65,336899.0,51206215.0
US.AM,Antero Midstream,22.46,2289769.0,51168913.0
US.NN,NextNav,16.28,3084840.0,51148737.0
US.SNN,Smith & Nephew,30.25,1705743.0,51119922.0
US.NUTX,Nutex Health,196.53,263525.0,51004496.0
US.BC,Brunswick Corp,79.09,644190.0,50994289.0
US.UAA,Under Armour-A,6.63,7690757.0,50941319.0
US.ESAB,ESAB Corp,92.78,548924.0,50897469.0
US.LI,Li Auto,12.02,4210213.0,50868912.0
US.AMTM,Amentum Holdings,21.24,2430937.0,50837736.0
US.CPRX,Catalyst Pharmaceuticals,31.45,1616291.0,50835281.0
US.BKU,BankUnited,48.57,1051800.0,50762583.0
US.ATAT,Atour Lifestyle Holdings,32.22,1570864.0,50718954.0
US.YETI,YETI Holdings,49.69,1028333.0,50694992.0
US.UBSI,United Bankshares,46.38,1086074.0,50353354.0
US.SLGN,Silgan Holdings,46.39,1089851.0,50275209.0
US.NVST,Envista Holdings,27.63,1831004.0,50271248.0
US.MZTI,Marzetti,115.79,433117.0,50227893.0
US.TTC,The Toro,97.08,517254.0,50183592.0
US.HLIO,Helios Technologies,82.39,614265.0,50150406.0
US.FRHC,Freedom Holding,162.215,309658.0,50109920.0
US.LLYVK,Liberty Live-C,108.0,464303.0,50050007.0
US.WMG,Warner Music,28.28,1771374.0,49757836.0
US.ANIP,ANI Pharmaceuticals,86.03,580967.0,49649029.0
US.WU,The Western Union,8.01,6210232.0,49444794.0
US.DYN,Dyne Therapeutics,23.07,2164723.0,49275696.0
US.AN,AutoNation,186.41,264904.0,49180063.0
US.CPRI,Capri Holdings,18.96,2603594.0,49107423.0
US.BWIN,Baldwin Insurance Group,28.41,1749292.0,49087933.0
US.PLMR,Palomar Holdings,140.0,353148.0,49082572.0
US.BANC,Banc of California,20.3,2413386.0,49015347.0
US.LINE,Lineage,44.0,1113142.0,48987995.0
US.DAN,Dana,24.91,1946977.0,48944627.0
US.PRI,Primerica,297.06,165645.0,48939447.0
US.KD,Kyndryl,12.25,3957416.0,48810698.0
US.UTI,Universal Technical Institute,48.24,1032484.0,48792430.0
US.PBI,Pitney Bowes,16.82,2879348.0,48780876.0
US.FLYW,Flywire,18.75,2605856.0,48733966.0
US.SPB,Spectrum Brands,84.99,572339.0,48714280.0
US.GOLF,Acushnet Holdings,117.56,414590.0,48614296.0
US.VELO,Velo3D,15.63,2998944.0,48603151.0
US.CBRL,Cracker Barrel Old Country Store Inc,53.5,913183.0,48557742.0
US.JXN,Jackson Financial,104.47,462785.0,48456030.0
US.EQPT,EquipmentShare.com,19.19,2521573.0,48367961.0
US.PRGS,Progress Software,38.42,1260511.0,48304387.0
US.DHT,DHT Holdings,17.18,2802107.0,48250023.0
US.ATRC,AtriCure,31.79,1545460.0,48225043.0
US.PACS,PACS Group,44.48,1081136.0,48185532.0
US.PAG,Penske Automotive,179.42,269674.0,48149229.0
US.LRN,Stride,90.44,533298.0,48097519.0
US.BLSH,Bullish,25.57,1850432.0,48023675.0
US.ADT,ADT Inc,6.83,7062223.0,48001790.0
US.BRZE,Braze,23.81,2034833.0,47966568.0
US.MTG,MGIC Investment,28.23,1704258.0,47873038.0
US.AI,C3.ai,9.06,5219013.0,47757514.0
US.BLZE,Backblaze,15.62,3003285.0,47705452.0
US.ALMS,Alumis,26.5,1819247.0,47630140.0
US.BTU,Peabody Energy,22.3,2121555.0,47626410.0
US.FHB,First Hawaiian,29.97,1589428.0,47511219.0
US.MBX,MBX Biosciences,57.8,828855.0,47456928.0
US.NVAX,Novavax,9.74,4850708.0,47426423.0
US.KFY,Korn Ferry,69.68,684509.0,47387829.0
US.PARR,Par Pacific,58.49,803098.0,47270064.0
US.LION,Lionsgate Studios,14.66,3240327.0,47215770.0
US.SG,Sweetgreen,8.77,5380685.0,47213283.0
US.BCRX,BioCryst Pharmaceuticals,9.84,4860048.0,47200735.0
US.PECO,Phillips Edison,42.06,1123743.0,47184086.0
US.LPTH,LightPath Technologies,14.56,3107933.0,47132187.0
US.ZG,Zillow-A,33.42,1417407.0,47129696.0
US.ABCB,Ameris Bancorp,90.12,522852.0,47091655.0
US.IDYA,IDEAYA Biosciences,37.65,1264355.0,47058062.0
US.FIZZ,National Beverage,33.33,1373136.0,47053989.0
US.SNDX,Syndax Pharmaceuticals,21.82,2197366.0,47027634.0
US.PAA,Plains All American Pipeline,22.51,2100523.0,46979461.0
US.FHI,Federated Hermes,56.6,831222.0,46869938.0
US.BHE,Benchmark Electronics,86.13,535772.0,46705728.0
US.APAM,Artisan Partners Asset Management,35.41,1337256.0,46629995.0
US.REAL,TheRealReal,11.58,3951815.0,46447226.0
US.MGNI,Magnite,20.38,2272082.0,46445009.0
US.ERIE,Erie Indemnity,259.25,180459.0,46439434.0
US.LNN,Lindsay,122.12,380743.0,46373178.0
US.ITGR,Integer Holdings,95.14,484867.0,46212255.0
US.UCB,United Community Banks,35.49,1299899.0,46138524.0
US.EXK,Endeavour Silver,8.56,5344699.0,46114412.0
US.SUPN,Supernus Pharmaceuticals,48.05,969033.0,46106688.0
US.CVCO,Cavco Industries,598.73,77131.0,46053785.0
US.NTSK,Netskope,11.71,3921884.0,46009404.0
US.PVLA,Palvella Therapeutics,146.76,321855.0,45922339.0
US.HYMC,Hycroft Mining,23.62,1916646.0,45919682.0
US.ATEN,A10 Networks,36.3,1259941.0,45871425.0
US.ERO,Ero Copper,26.21,1752156.0,45860774.0
US.TNL,Travel Plus Leisure,76.59,601182.0,45830902.0
US.BMI,Badger Meter,145.87,314022.0,45821087.0
US.PLAB,Photronics,28.86,1572865.0,45794118.0
US.WSBC,Wesbanco,39.64,1152182.0,45710538.0
US.HOMB,Home BancShares,28.68,1593863.0,45691509.0
US.PFSI,PennyMac Financial Services,83.47,548252.0,45594361.0
US.SHOO,Steven Madden,39.92,1130172.0,45445735.0
US.AZZ,AZZ Inc,150.01,303121.0,45272287.0
US.ALOY,REalloys,13.28,3241082.0,45238343.0
US.MMSI,Merit Medical Systems,71.09,638533.0,45179964.0
US.YPF,YPF SA,44.4,1012665.0,45157112.0
US.RGNX,Regenxbio,13.28,3298799.0,45002691.0
US.VII.U,VIKING ACQUISITION CORPORATION II UNIT 1 ORD SHS CL A & 1/3 WT EXP,10.02,4486303.0,45000580.0
US.CURB,Curbline Properties,30.34,1482344.0,44929211.0
US.AUB,Atlantic Union Bankshares,42.26,1059462.0,44865467.0
US.SAIL,SailPoint,15.27,2913099.0,44831133.0
US.INGM,Ingram Micro,25.65,1711452.0,44774261.0
US.BEPC,Brookfield Renewable,36.49,1219967.0,44632129.0
US.MMS,Maximus,55.75,793246.0,44221489.0
US.NWS,News Corp-B,30.17,1478933.0,44177178.0
US.MRAM,Everspin Technologies,19.14,2223176.0,44172567.0
US.PBA,Pembina Pipeline,46.44,955623.0,44128292.0
US.BXSL,Blackstone Secured Lending Fund,23.77,1858897.0,44093469.0
US.OPCH,Option Care Health,21.9,2025728.0,44047248.0
US.WT,WisdomTree,18.04,2446834.0,43891591.0
US.ENLT,Enlight Renewable Energy,84.26,510175.0,43798767.0
US.CXT,Crane NXT,52.5,836602.0,43692260.0
US.SMFG,Sumitomo Mitsui Financial,24.53,1775344.0,43542102.0
US.WRLD,World Acceptance,207.98,204933.0,43425273.0
US.MIR,Mirion,17.38,2511046.0,43351246.0
US.OGS,ONE Gas,77.32,561355.0,43313616.0
US.FUN,Six Flags Entertainment,20.99,2056509.0,43308595.0
US.TRIP,TripAdvisor,14.29,3078910.0,43265231.0
US.SLF,Sun Life Financial,79.65,545840.0,43248019.0
US.CNR,Core Natural Resources,79.34,544764.0,43221119.0
US.GIB,CGI Inc,66.48,648423.0,43079601.0
US.LIVN,LivaNova,83.62,517430.0,42973464.0
US.FSM,Fortuna Silver Mines,8.72,4956350.0,42958152.0
US.NXE,NexGen Energy,9.63,4445990.0,42831337.0
US.IMNM,Immunome,23.61,1869683.0,42825469.0
US.THO,Thor Industries,76.5,561237.0,42713805.0
US.MNKD,MannKind,4.52,9573416.0,42630543.0
US.GPK,Graphic Packaging,10.85,3936032.0,42629859.0
US.ICFI,ICF International,74.99,576740.0,42505235.0
US.HUN,Huntsman,10.82,3950125.0,42454809.0
US.ELVN,Enliven Therapeutics,49.82,853884.0,42300331.0
US.SFBS,Servisfirst Bancshares,86.64,486125.0,42255290.0
US.FA,First Advantage,20.53,2115111.0,42251287.0
US.LEGN,Legend Biotech,29.91,1407075.0,42166565.0
US.PRM,Perimeter Solutions,33.92,1246349.0,42145904.0
US.HLIT,Harmonic,14.07,2930087.0,42069106.0
US.TFPM,Triple Flag Precious Metals,31.49,1349900.0,41986804.0
US.SXT,Sensient Technologies,124.49,337760.0,41923566.0
US.NAMS,NewAmsterdam Pharma,34.83,1202515.0,41785635.0
US.NWPX,NWPX Infrastructure,136.92,304264.0,41664259.0
US.EEFT,Euronet Worldwide,77.18,539194.0,41392229.0
US.CARG,CarGurus,36.24,1151239.0,41347304.0
US.AX,Axos Financial,97.9,420816.0,41315475.0
US.MRP,Millrose Properties,29.77,1386292.0,41272207.0
US.TFII,TFI International,139.14,294573.0,41150496.0
US.SMG,The Scotts Miracle,68.85,598009.0,41120614.0
US.FULT,Fulton Financial,24.11,1701392.0,41077058.0
US.AUPH,Aurinia Pharmaceuticals,15.61,2640664.0,41067967.0
US.GBCI,Glacier Bancorp,51.78,790275.0,41015244.0
US.RARE,Ultragenyx Pharmaceutical,33.47,1239269.0,40994093.0
US.ETOR,eToro Group,40.47,1010553.0,40932708.0
US.ECPG,Encore Capital Group,90.61,447217.0,40930286.0
US.ACAD,ACADIA Pharmaceuticals,25.97,1586395.0,40909493.0
US.EZPW,EZCORP,35.59,1152021.0,40802776.0
US.HP,Helmerich & Payne,31.3,1301659.0,40688056.0
US.GGAL,Grupo Financiero Galicia,50.37,810422.0,40642595.0
US.UPC,Universe Pharmaceuticals,6.32,4889668.0,40423937.0
US.ORCL.PRD,ORACLE CORP DEPOSITARY SH REP 1/2000TH PFD SER D,42.94,926464.0,40356720.0
US.CTRI,Centuri,27.39,1470375.0,40339366.0
US.LAUR,Laureate Education,38.2,1064914.0,40303737.0
US.IMVT,Immunovant,38.79,1048646.0,40277905.0
US.BA.PRA,BOEING CO 6% DEP SHS RE 1/20TH PFD MAN CNV SR A,69.44,580528.0,40269445.0
US.GMAB,Genmab,28.515,1414977.0,40264271.0
US.CON,Concentra Group,31.91,1270477.0,40157868.0
US.MEOH,Methanex,45.47,884994.0,40150190.0
US.NICE,NICE Ltd,96.74,413479.0,40130110.0
US.PLPC,Preformed Line Products,368.77,108239.0,40083468.0
US.SIGI,Selective Insurance,100.15,402085.0,40032504.0
US.KNSA,Kiniksa Pharmaceuticals International,64.53,626287.0,40031617.0
US.SOBO,South Bow,34.37,1161822.0,39967543.0
US.INSW,International Seaways,82.4,485359.0,39836912.0
US.DNLI,Denali Therapeutics,25.83,1541533.0,39831462.0
US.RCUS,Arcus Biosciences,30.33,1325784.0,39714877.0
US.ARRY,Array Technologies,6.97,5606226.0,39694042.0
US.ITG,ITG Inc,15.46,2522628.0,39638528.0
US.VVX,V2X,74.1,536194.0,39588232.0
US.ASH,Ashland,67.01,591457.0,39553883.0
US.TRVI,Trevi Therapeutics,17.93,2206588.0,39517617.0
US.UGI,UGI Corp,35.15,1124465.0,39428165.0
US.ESTA,Establishment Labs,89.25,440061.0,39256408.0
US.CPA,Copa Holdings,152.65,256623.0,39193413.0
US.TPB,Turning Point Brands,85.94,457431.0,39167255.0
US.CRK,Comstock Resources,14.68,2658769.0,39159940.0
US.WHD,Cactus,50.42,779356.0,39099683.0
US.KOD,Kodiak Sciences,38.54,1006010.0,39087937.0
US.SON,Sonoco Products,57.42,684244.0,39023107.0
US.TDOC,Teladoc Health,9.2,4283130.0,38963205.0
US.ADMA,ADMA Biologics,8.95,4366987.0,38856397.0
US.ESNT,Essent,64.85,600140.0,38757283.0
US.NJR,New Jersey Resources,57.49,675307.0,38713404.0
US.AMX,America Movil SAB de CV,25.72,1502022.0,38653099.0
US.PPLI,People,46.75,830000.0,38628293.0
US.REYN,Reynolds Consumer Products,27.18,1424135.0,38596178.0
US.ZBIO,Zenas BioPharma,27.23,1383637.0,38590466.0
US.SKYW,SkyWest,96.88,399005.0,38511165.0
US.DGII,Digi International,72.15,528232.0,38217811.0
US.CVSA,Covista,129.88,294034.0,38182848.0
US.BILI,Bilibili,17.14,2226051.0,38167319.0
US.LBRDK,Liberty Broadband-C,32.14,1201349.0,38046559.0
US.CAPR,Capricor Therapeutics,23.21,1641256.0,38011107.0
US.STNE,StoneCo,11.17,3381197.0,37875083.0
US.DORM,Dorman Products,137.65,278227.0,37863053.0
US.NIC,Nicolet Bankshares,166.72,226614.0,37862694.0
US.TPC,Tutor Perini,76.75,490657.0,37807210.0
US.OSIS,OSI Systems,221.76,172885.0,37782317.0
US.TAC,TransAlta,13.47,2793643.0,37718159.0
US.PRCT,PROCEPT BioRobotics,21.03,1738290.0,37679847.0
US.CSIQ,Canadian Solar,14.455,2598965.0,37678339.0
US.VNT,Vontier,28.62,1314142.0,37539108.0
US.BVN,Buenaventura Mining,29.72,1248952.0,37412401.0
US.VRDN,Viridian Therapeutics,19.4,1950334.0,37345128.0
US.HRMY,Harmony Biosciences,37.26,1012969.0,37332498.0
US.INDI,indie Semiconductor,4.33,8460030.0,37239228.0
US.MSA,MSA Safety,171.48,218264.0,37216141.0
US.DNOW,DNOW Inc,12.6,2941045.0,37210428.0
US.CRML,Critical Metals,9.56,3779873.0,37192129.0
US.VCTR,Victory Capital,87.74,425318.0,37157409.0
US.WK,Workiva,51.93,712028.0,37048184.0
US.ITIC,Investors Title,281.21,131488.0,37003151.0
US.TRN,Trinity Industries,34.12,1102074.0,36929846.0
US.SBLK,Star Bulk Carriers,25.15,1454233.0,36898932.0
US.FSK,FS KKR Capital,10.43,3509071.0,36896604.0
US.JACK,Jack in the Box,17.2,2166701.0,36681815.0
US.BKSY,BlackSky Technology,27.88,1287215.0,36661778.0
US.AD,Array Digital Infrastructure,36.24,1013435.0,36466282.0
US.VIPS,Vipshop,13.26,2735391.0,36438056.0
US.LFTO,Liftoff Mobile,24.46,1490581.0,36436270.0
US.PHIN,Phinia,75.71,483093.0,36375717.0
US.HIMX,Himax Technologies,13.15,2719466.0,36338595.0
US.RDN,Radian Group,37.94,960974.0,36328988.0
US.LTM,LATAM Airlines Group,56.43,640854.0,36262262.0
US.PRGO,Perrigo,11.02,3336052.0,36173506.0
US.LAC,Lithium Americas,3.76,9403112.0,35970845.0
US.ROG,Rogers,143.9,243148.0,35880275.0
US.HURN,Huron Consulting,97.16,365550.0,35737167.0
US.ENVX,Enovix,5.36,6431420.0,35701840.0
US.NUVB,Nuvation Bio,5.7,6332074.0,35608849.0
US.FIBK,First Interstate BancSystem,39.15,911428.0,35597015.0
US.LMAT,LeMaitre Vascular,102.88,350543.0,35519311.0
US.CRC,California Resources,51.26,688045.0,35336978.0
US.AGYS,Agilysys,110.81,317063.0,35103680.0
US.GXO,GXO Logistics,51.95,679324.0,35095921.0
US.FIGS,FIGS Inc,9.99,3449995.0,34969514.0
US.CWK,Cushman & Wakefield,13.99,2516474.0,34912520.0
US.EMBJ,Embraer SA,64.11,545710.0,34817057.0
US.ALG,Alamo,170.25,204552.0,34793959.0
US.MFG,Mizuho Financial,9.94,3484452.0,34715220.0
US.FFBC,First Financial Bancorp,34.39,1007471.0,34656139.0
US.AVNS,Avanos Medical,24.93,1390502.0,34652075.0
US.HHH,Howard Hughes Holding,74.21,468168.0,34635784.0
US.MAN,ManpowerGroup,38.79,902461.0,34624652.0
US.KB,KB Financial,109.35,316222.0,34456314.0
US.IHG,InterContinental Hotels,169.93,202201.0,34383381.0
US.CUBI,Customers Bancorp,77.71,441311.0,34343907.0
US.CBT,Cabot,86.35,397852.0,34298511.0
US.VAC,Marriott Vacations Worldwide,100.25,341909.0,33924139.0
US.EC,Ecopetrol,14.7,2312911.0,33912069.0
US.COUR,Coursera,5.9,5713924.0,33889062.0
US.NRIX,Nurix Therapeutics,23.97,1427663.0,33842601.0
US.WBI,WaterBridge Infrastructure,31.29,1086371.0,33834170.0
US.MCY,Mercury General,110.48,306545.0,33779904.0
US.YELP,Yelp Inc,26.52,1276355.0,33725894.0
US.GLUE,Monte Rosa Therapeutics,24.21,1391613.0,33668179.0
US.HSAI,Hesai,17.19,1950790.0,33638878.0
US.LLYVA,Liberty Live-A,104.11,323035.0,33636066.0
US.MDU,MDU Resources,20.71,1626595.0,33628359.0
US.RXO,RXO Inc,26.61,1254666.0,33596418.0
US.HCI,HCI Group,182.64,183101.0,33557402.0
US.SATA,STRIVE INC PERP PFD SER A VAR RATE,97.15,342936.0,33519682.0
US.HAWK,HawkEye 360,21.14,1560194.0,33316990.0
US.CHEF,The Chefs' Warehouse,95.62,349760.0,33233048.0
US.CLDX,Celldex Therapeutics,38.37,876831.0,33210350.0
US.AMSC,American Superconductor,37.11,884367.0,33186375.0
US.KMPR,Kemper,28.83,1155748.0,33167942.0
US.NVCR,Novocure,17.2,1953473.0,33144611.0
US.MHO,M/I Homes,156.84,211996.0,33138185.0
US.CALY,Callaway Golf Company,18.26,1815160.0,33119877.0
US.NEO,NeoGenomics,15.16,2179064.0,33114596.0
US.FFIN,First Financial Bankshares,34.88,947812.0,33112705.0
US.BCPC,Balchem,168.8,196057.0,33100802.0
US.LWLG,Lightwave Logic,7.365,4339307.0,33071572.0
US.STOK,Stoke Therapeutics,32.7,1013196.0,33027262.0
US.KAI,Kadant,309.0,106965.0,32950782.0
US.CVBF,CVB Financial,22.81,1443047.0,32941512.0
US.EYE,National Vision,19.76,1679742.0,32883209.0
US.HESM,Hess Midstream,38.16,862346.0,32877287.0
US.AVTX,Avalo Therapeutics,18.84,1815898.0,32860749.0
US.HTO,H2O America,62.42,526320.0,32806196.0
US.CNO,CNO Financial Group Inc,52.43,628229.0,32791413.0
US.PAR,PAR Technology,19.05,1727654.0,32675663.0
US.COLM,Columbia Sportswear,63.32,515072.0,32634863.0
US.LB,LandBridge,73.75,443050.0,32617573.0
US.REPL,Replimune,11.58,2844729.0,32573409.0
US.ZD,Ziff Davis,52.43,622863.0,32556425.0
US.AMR,Alpha Metallurgical,160.0,203945.0,32543034.0
US.CRAI,CRA International,146.79,221467.0,32540480.0
US.KNTK,Kinetik Holdings,47.75,678515.0,32372547.0
US.CMPR,Cimpress,97.62,325028.0,32369663.0
US.SATL,Satellogic,5.43,5792724.0,32333356.0
US.PONY,Pony AI,6.83,4585914.0,31969600.0
US.NWE,NorthWestern,71.32,447654.0,31907170.0
US.WDFC,WD-40,245.83,129709.0,31823168.0
US.BHF,Brighthouse Financial,64.01,495567.0,31688962.0
US.TALO,Talos Energy,13.59,2335693.0,31683142.0
US.LPG,Dorian LPG,36.01,870383.0,31677774.0
US.ARIS,Aris Mining,16.0,1990443.0,31659034.0
US.BOT,RoboStrategy,35.63,873558.0,31606257.0
US.KT,KT Corp,17.69,1784560.0,31602452.0
US.DRVN,Driven Brands,14.47,2173687.0,31547309.0
US.FELE,Franklin Electric,105.14,299840.0,31426742.0
US.YSS,York Space Systems,24.9,1233154.0,31410328.0
US.KNF,Knife River,84.88,372499.0,31397761.0
US.BL,BlackLine,29.88,1055620.0,31392826.0
US.CNA,CNA Financial,51.17,616467.0,31352924.0
US.OTEX,Open Text,23.04,1360378.0,31326108.0
US.CLOV,Clover Health,5.26,5901932.0,31323251.0
US.GPCR,Structure Therapeutics,53.45,592501.0,31314431.0
US.RDY,Dr. Reddy's Laboratories,14.38,2176360.0,31236015.0
US.OBDC,Blue Owl Capital,10.82,2883753.0,31229667.0
US.FTS,Fortis,57.98,540829.0,31168720.0
US.SFD,Smithfield Foods,24.58,1270974.0,31156616.0
US.ADUS,Addus HomeCare,105.17,296590.0,31152553.0
US.EWTX,Edgewise Therapeutics,39.56,793162.0,31068062.0
US.URGN,UroGen Pharma Ltd,38.02,821799.0,31029007.0
US.GO,Grocery Outlet,10.39,3022229.0,30993362.0
US.HUBG,Hub Group,44.94,690549.0,30974614.0
US.IMCR,Immunocore,32.5,954707.0,30963118.0
US.EXPO,Exponent,60.98,508034.0,30927482.0
US.LIF,Life360,57.71,534912.0,30894847.0
US.ARQT,Arcutis Biotherapeutics,25.81,1198181.0,30883930.0
US.XERS,Xeris Pharmaceuticals,8.28,3753157.0,30844030.0
US.PKX,POSCO,52.12,588953.0,30547780.0
US.CRI,Carter's,40.65,750569.0,30540341.0
US.GFF,Griffon,92.86,329835.0,30501629.0
US.PAY,Paymentus Holdings,27.06,1134133.0,30440615.0
US.PI,Impinj,141.58,216799.0,30439558.0
US.NP,Neptune Insurance,33.22,910352.0,30404220.0
US.AOSL,Alpha & Omega Semiconductor,37.11,781105.0,30369691.0
US.BKD,Brookdale Senior Living,15.87,1905264.0,30239477.0
US.CGAU,Centerra Gold,16.58,1828355.0,30140418.0
US.WLFC,Willis Lease Finance,226.515,134686.0,30085454.0
US.SUZ,Suzano,7.88,3821772.0,30055291.0
US.DXYZ,Destiny Tech100,24.84,1237608.0,30011804.0
US.GSHD,Goosehead Insurance,52.69,569640.0,29855310.0
US.FBP,First BanCorp,26.33,1131225.0,29855212.0
US.ZTO,ZTO Express,23.08,1293678.0,29850763.0
US.VCEL,Vericel,46.98,640729.0,29815657.0
US.BZ,Kanzhun,13.0,2268347.0,29740638.0
US.SMA,SmartStop Self Storage REIT,33.67,882371.0,29639145.0
US.CTS,CTS Corp,60.5,483193.0,29635515.0
US.AMN,AMN Healthcare Services,34.75,862688.0,29598695.0
US.IPGP,IPG Photonics,105.27,275992.0,29579790.0
US.AGIO,Agios Pharmaceuticals,37.58,791174.0,29489798.0
US.BELFA,Bel Fuse-A,230.16,117093.0,29468546.0
US.FMS,Fresenius Medical Care,23.53,1242807.0,29262036.0
US.REZI,Resideo Technologies,30.66,952987.0,29176403.0
US.GRRR,Gorilla Technology,18.51,1506369.0,29010719.0
US.STN,Stantec,70.03,415300.0,28935745.0
US.CSW,CSW Industrials,276.12,105148.0,28895370.0
US.CCOI,Cogent Communications,12.99,2189001.0,28855668.0
US.SBCF,Seacoast Bank,33.28,863456.0,28824161.0
US.LEG,Leggett & Platt,11.94,2447911.0,28813545.0
US.ENOV,Enovis Corp,22.5,1302522.0,28796697.0
US.OII,Oceaneering International,38.5,746887.0,28791231.0
US.BIP,Brookfield Infrastructure Partners LP,37.01,783224.0,28703308.0
US.BETA,BETA Technologies,18.11,1599396.0,28672036.0
US.GRPN,Groupon,25.58,1138817.0,28649898.0
US.LIME,Neutron Holdings,25.0,1124572.0,28614815.0
US.BGC,BGC Group,11.02,2599002.0,28592281.0
US.PCT,PureCycle Technologies,7.61,3626228.0,28469400.0
US.ASPI,ASP Isotopes,5.63,4850528.0,28435181.0
US.DGXX,Digi Power X,4.6,5998303.0,28406872.0
US.AAMI,Acadian Asset Management,73.09,388401.0,28361302.0
US.ARQQ,Arqit Quantum,23.515,1129550.0,28324305.0
US.PGNY,Progyny,30.22,942979.0,28315168.0
US.AWR,American States Water,84.76,333885.0,28312885.0
US.ASAN,Asana,7.34,3834534.0,28293072.0
US.QFIN,Qifu Technology,15.46,1814120.0,28165178.0
US.MAIN,Main Street Capital,51.96,540191.0,28139841.0
US.SLDB,Solid Biosciences,10.84,2632980.0,28122554.0
US.INTR,Inter & Co,5.47,5082467.0,28031418.0
US.USPH,US Physical Therapy,72.35,386552.0,27860131.0
US.KN,Knowles,36.78,741946.0,27791839.0
US.MLKN,MillerKnoll,21.42,1316685.0,27774097.0
US.ALNT,Allient,86.89,309731.0,27738877.0
US.AMPL,Amplitude,8.84,3135820.0,27654771.0
US.UNF,UniFirst,273.56,101247.0,27617006.0
US.SMPL,The Simply Good Foods,13.73,2016625.0,27598386.0
US.TNK,Teekay Tankers,67.6,409194.0,27587898.0
US.INTA,Intapp,27.39,1004073.0,27583327.0
US.NSP,Insperity,45.37,612480.0,27580027.0
US.WERN,Werner Enterprises,43.2,639240.0,27526680.0
US.PBH,Prestige Consumer Healthcare,49.42,561926.0,27513094.0
US.WTTR,Select Water Solutions,17.99,1513817.0,27498263.0
US.TBPH,Theravance Biopharma,16.93,1619569.0,27470692.0
US.HASI,HA Sustainable Infrastructure,38.26,722332.0,27462206.0
US.KSPI,Kaspi.kz,89.82,303142.0,27355009.0
US.CABA,Cabaletta Bio,3.19,8593041.0,27285293.0
US.WSFS,WSFS Financial,77.17,352808.0,27282691.0
US.WLY,John Wiley & Sons-A,52.76,521937.0,27229218.0
US.BBVA,Banco Bilbao Vizcaya Argentaria,25.6,1061233.0,27185648.0
US.CBC,Central Bancompany,31.46,864488.0,27145755.0
US.HWKN,Hawkins Inc,138.49,193403.0,27089815.0
US.AGO,Assured Guaranty,83.67,325351.0,27078869.0
US.CERT,Certara,6.97,3886719.0,27056894.0
US.CLMT,Calumet Inc,36.42,744781.0,27020513.0
US.SKYT,SkyWater Technology,34.24,794823.0,27016493.0
US.EVC,Entravision Communications,13.05,2090757.0,26989712.0
US.BCAX,Bicara Therapeutics,29.0,924138.0,26955227.0
US.SNDA,Sonida Senior Living,42.21,639474.0,26869728.0
US.WVE,Wave Life Sciences,6.26,4361423.0,26834850.0
US.AGM,Federal Agricultural Mortgage-C,200.94,132966.0,26774668.0
US.MYE,Myers Industries,31.54,835256.0,26615185.0
US.PAGS,PagSeguro Digital,9.12,2913242.0,26592073.0
US.AVNT,Avient,37.31,713836.0,26485859.0
US.AMRX,Amneal Pharmaceuticals,17.15,1544981.0,26440964.0
US.BOKF,BOK Financial,139.29,189697.0,26422753.0
US.GRND,Grindr,16.06,1657838.0,26378967.0
US.WOR,Worthington Enterprises,54.57,483652.0,26349531.0
US.TLRY,Tilray Brands,4.62,5594016.0,26293382.0
US.MLTX,MoonLake Immunotherapeutics,18.95,1391926.0,26288389.0
US.NRGV,Energy Vault,4.04,6330099.0,26264370.0
US.PGEN,Precigen,5.64,4766167.0,26127928.0
US.VITL,Vital Farms,12.76,2052673.0,26110421.0
US.RTO,Rentokil Initial PLC,29.99,872590.0,26106075.0
US.ATKR,Atkore,69.21,376082.0,26088745.0
US.RAMP,LiveRamp,37.73,690438.0,26034965.0
US.MQ,Marqeta,17.41,1499620.0,26017578.0
US.KMT,Kennametal,33.49,769909.0,25851733.0
US.ATMU,Atmus Filtration Technologies,49.71,522151.0,25820164.0
US.PHG,Royal Philips,27.74,931156.0,25805351.0
US.SKE,Skeena Resources,28.7,911540.0,25786367.0
US.PRVA,Privia Health,27.36,938269.0,25656899.0
US.TBBB,BBB Foods,42.07,609543.0,25650287.0
US.SDGR,Schrodinger,16.88,1511570.0,25620043.0
US.CEVA,CEVA Inc,40.42,617534.0,25586358.0
US.TFIN,Triumph Financial,77.01,330110.0,25530472.0
US.FXHO,Utime,7.2,1448933.0,25485574.0
US.ATEC,Alphatec,8.92,2843990.0,25392087.0
US.CIGI,Colliers International Group,98.51,258324.0,25360803.0
US.SGRY,Surgery Partners,17.23,1476760.0,25334174.0
US.IMAX,IMAX Corp,39.88,635728.0,25330166.0
US.AMLX,Amylyx Pharmaceuticals,18.27,1392714.0,25311862.0
US.DV,DoubleVerify,11.44,2221736.0,25307789.0
US.ODD,ODDITY Tech,17.9,1437806.0,25290998.0
US.UFPI,UFP Industries,89.19,284152.0,25263242.0
US.JBIO,Jade Biosciences,21.51,1204531.0,25215692.0
US.TNDM,Tandem Diabetes Care,15.32,1627575.0,25213029.0
US.SFNC,Simmons First National,22.84,1098911.0,25151882.0
US.BIPC,Brookfield Infrastructure,39.0,647693.0,25148975.0
US.SUNC,SunocoCorp,68.55,366367.0,25056493.0
US.EDU,New Oriental,47.03,530045.0,24997446.0
US.PRKS,United Parks & Resorts,48.44,517491.0,24943092.0
US.ESPR,Esperion Therapeutics,3.16,7879329.0,24929148.0
US.MCRI,Monarch Casino & Resort,129.94,192155.0,24905990.0
US.CDNA,CareDx,29.19,855903.0,24878286.0
US.NAT,Nordic American Tankers,5.81,4252026.0,24877633.0
US.ORIC,Oric Pharmaceuticals,11.64,2174162.0,24844074.0
US.USLM,United States Lime & Minerals,107.5,232576.0,24834680.0
US.PNTG,Pennant Group,38.52,643050.0,24798731.0
US.DRH,DIAMONDROCK HOSPITALITY CO,12.08,2050664.0,24698899.0
US.TH,Target Hospitality,18.47,1302175.0,24651225.0
US.HPP,Hudson Pacific Properties,16.91,1468132.0,24621132.0
US.DBD,Diebold Nixdorf,83.16,297036.0,24564237.0
US.NTCT,NetScout Systems,40.93,595829.0,24526641.0
US.PRG,PROG Holdings,44.13,561280.0,24508764.0
US.SBS,Sabesp,5.75,4237924.0,24501215.0
US.RHLD,Resolute Holdings Management,148.34,167097.0,24469356.0
US.PZZA,Papa John's,35.82,679367.0,24398756.0
US.WKC,World Kinect,33.21,733174.0,24350741.0
US.WES,Western Midstream,43.67,558303.0,24324734.0
US.NEE.PRV,NEXTERA ENERGY INC CORP UNIT,48.14,505489.0,24216461.0
US.IBOC,International Bancshares,75.9,318650.0,24191630.0
US.KRUS,Kura Sushi USA,57.61,420730.0,24110458.0
US.GRDN,Guardian Pharmacy Services,42.0,565088.0,24056663.0
US.SONO,Sonos,13.62,1760250.0,24002786.0
US.FTRE,Fortrea Holdings,17.28,1371982.0,23966523.0
US.XNDU,Xanadu Quantum Technologies,11.62,2036002.0,23900555.0
US.KOPN,Kopin,3.9,5861358.0,23807748.0
US.MWA,Mueller Water Products,24.97,952576.0,23793692.0
US.SNDR,Schneider National,35.8,663959.0,23774783.0
US.INDB,Independent Bank,84.18,281466.0,23703890.0
US.DSGN,Design Therapeutics,15.64,1578419.0,23555452.0
US.LILAK,Liberty Latin America-C,7.63,3085702.0,23529772.0
US.KYIV,Kyivstar Group,15.68,1500989.0,23481569.0
US.SDRL,Seadrill,39.87,588785.0,23469486.0
US.GRAL,Grail,69.11,337914.0,23352863.0
US.AVAH,Aveanna Healthcare,9.1,2548244.0,23280921.0
US.NNBR,NN Inc,3.49,6247767.0,23261364.0
US.EROC,ERock,15.47,1493637.0,23232174.0
US.MGEE,MGE Energy,84.23,277689.0,23215091.0
US.UNFI,United Natural Foods,45.57,508918.0,23172308.0
US.BUSE,First Busey,29.65,777069.0,23085998.0
US.ARX,Accelerant Holdings,13.77,1672735.0,23009808.0
US.CWT,California Water Service Group,50.23,458178.0,22980368.0
US.HNI,HNI Corp,41.43,558853.0,22895604.0
US.CAE,CAE Inc,25.51,896451.0,22892385.0
US.RPD,Rapid7,9.29,2468784.0,22815054.0
US.MICC,Magnum Ice Cream,18.72,1226496.0,22812016.0
US.BKV,BKV Corp,27.35,832180.0,22785948.0
US.RUSHA,Rush Enterprises-A,73.16,311598.0,22610592.0
US.ADTN,Adtran,12.71,1770919.0,22605470.0
US.CXM,Sprinklr,5.41,4148583.0,22596299.0
US.DXPE,DXP Enterprises,157.98,141389.0,22591947.0
US.BCC,Boise Cascade,75.93,298659.0,22539651.0
US.TAL,TAL Education,9.81,2290832.0,22529528.0
US.KWR,Quaker Houghton,161.16,139977.0,22509311.0
US.BLDP,Ballard Power Systems Inc,3.52,6157598.0,22483952.0
US.PFS,Provident Financial Services,23.54,951606.0,22481535.0
US.PUK,Prudential,27.56,813418.0,22460599.0
US.CIB,BanColombia,79.15,284012.0,22456060.0
US.ADNT,Adient,18.76,1203063.0,22437725.0
US.PRME,Prime Medicine,3.87,5602752.0,22429445.0
US.UPWK,Upwork,9.16,2460786.0,22420099.0
US.AKTS,Aktis Oncology,31.76,723701.0,22371661.0
US.RIGL,Rigel Pharmaceuticals,38.72,573915.0,22294455.0
US.DMRA,Damora Therapeutics,29.98,761150.0,22294332.0
US.BJRI,BJ's Restaurants,58.75,381076.0,22285162.0
US.GCT,GigaCloud Technology,33.21,669418.0,22259528.0
US.QDEL,QuidelOrtho,18.25,1222460.0,22238738.0
US.CATY,Cathay General Bancorp,62.31,355974.0,22223747.0
US.MD,Pediatrix Medical,26.76,831920.0,22210502.0
US.NVEC,NVE Corp,98.22,218849.0,22125290.0
US.WGO,Winnebago Industries,31.16,711425.0,22123342.0
US.SRAD,Sportradar Group AG,15.01,1479382.0,22110174.0
US.GRC,Gorman-Rupp,84.06,260258.0,22066915.0
US.E,Eni SpA,46.87,473420.0,22058906.0
US.BBBY,Bed Bath & Beyond,5.83,3727462.0,22030896.0
US.MUX,McEwen,18.9,1174006.0,22026211.0
US.VYX,NCR Voyix,8.7,2506360.0,21833836.0
US.PAC,Pacific Airport,253.71,86667.0,21826916.0
US.EPC,Edgewell Personal Care,27.21,798587.0,21821790.0
US.NEXA,Nexa Resources,13.04,1632894.0,21808105.0
US.PRDO,Perdoceo Education,34.43,634782.0,21734590.0
US.JJSF,J&J Snack Foods,75.92,284906.0,21695110.0
US.MEC,Mayville Engineering,33.55,635785.0,21662628.0
US.TNET,Trinet Group,55.21,393828.0,21572795.0
US.UHAL.B,U-Haul,59.29,363920.0,21506018.0
US.MGRC,McGrath RentCorp,117.91,182289.0,21499701.0
US.BLKB,Blackbaud,30.09,706250.0,21484962.0
US.HROW,Harrow,42.74,492619.0,21413336.0
US.BOH,Bank of Hawaii Corp,82.73,259059.0,21372567.0
US.TRMD,Torm,27.7,764284.0,21244953.0
US.NWBI,Northwest Bancshares,15.11,1398915.0,21162503.0
US.BORR,Borr Drilling,4.49,4722436.0,21152919.0
US.OTF,Blue Owl Technology Finance,10.46,2001267.0,21150347.0
US.AGL,Agilon Health,111.01,190377.0,21048185.0
US.SPSC,SPS Commerce,59.065,355963.0,21046753.0
US.DCH,Dauch,5.13,4073121.0,21033510.0
US.NATL,NCR Atleos,44.57,472500.0,21026936.0
US.BATRK,Atlanta Braves-C,52.77,398439.0,20902781.0
US.ANDG,Andersen Group,36.36,571662.0,20876177.0
US.IMMX,Immix Biopharma,10.34,2074500.0,20848961.0
US.AADX,Applied Aerospace & Defense,23.06,890137.0,20812540.0
US.EYPT,EyePoint,13.98,1490930.0,20753643.0
US.KURA,Kura Oncology,11.1,1889482.0,20603675.0
US.TBBK,The Bancorp,63.89,320335.0,20504234.0
US.ATLC,Atlanticus,96.4,205159.0,20432690.0
US.OSW,OneSpaWorld,28.68,717725.0,20429864.0
US.OGN,Organon & Co,13.55,1508070.0,20429656.0
US.SANA,Sana Biotechnology,4.01,5315387.0,20426687.0
US.INBX,Inhibrx Biosciences,97.58,215162.0,20413183.0
US.OMCL,Omnicell,43.03,479159.0,20371455.0
US.GHM,Graham,115.42,175870.0,20342884.0
US.CNOB,ConnectOne Bank,32.52,621647.0,20261723.0
US.GOLD,Gold.com,43.99,459445.0,20215115.0
US.HAFN,Hafnia,7.02,2891679.0,20192747.0
US.OCFC,OceanFirst Financial,19.05,1053141.0,20166597.0
US.METC,Ramaco Resources-A,12.95,1576272.0,20162884.0
US.NBR,Nabors Industries,77.86,256691.0,20158860.0
US.SA,Seabridge Gold,27.62,728407.0,20099174.0
US.EVH,Evolent Health,5.71,3568429.0,20079800.0
US.JOYY,JOYY Inc,67.26,297835.0,20049552.0
US.LIND,Lindblad Expeditions,26.22,765750.0,20030923.0
US.RUM,RUM Group,6.16,3205245.0,19982418.0
US.CCS,Century Communities,69.99,286815.0,19977855.0
US.BBT,Beacon Financial,30.22,658764.0,19937433.0
US.CRVS,Corvus Pharmaceuticals,15.23,1318915.0,19906535.0
US.EFOR,Everforth,17.66,1133418.0,19904103.0
US.BLMN,Bloomin Brands,8.7,2283451.0,19872127.0
US.GPGI,GPGI Inc,16.75,1188982.0,19850653.0
US.ESQ,Esquire Financial,120.34,162186.0,19808066.0
US.NPKI,NPK International,14.31,1391793.0,19775057.0
US.XPRO,Expro Group,14.38,1369660.0,19755573.0
US.SII,Sprott,114.98,170763.0,19750712.0
US.ETON,Eton Pharmaceutical,37.5,527912.0,19750543.0
US.RXST,RxSight,5.61,3549441.0,19746198.0
US.CVI,CVR Energy,28.48,690063.0,19720435.0
US.WMK,Weis Markets,80.1,246050.0,19707794.0
US.ECO,Okeanis Eco Tankers,53.11,370889.0,19694610.0
US.TYRA,"TYRA BIOSCIENCES, INC.",30.62,646047.0,19682428.0
US.AXIA,AXIA Energia,10.38,1875331.0,19627738.0
US.ECVT,Ecovyst,11.83,1653738.0,19626547.0
US.ZVRA,Zevra Therapeutics,13.98,1422317.0,19586405.0
US.LZ,LegalZoom,6.92,2798323.0,19519371.0
US.GNW,Genworth Financial,9.61,2034833.0,19493532.0
US.NOMD,Nomad Foods,11.42,1704302.0,19450871.0
US.CTMX,CytomX,3.82,5123577.0,19382181.0
US.MBC,MasterBrand,9.88,1967628.0,19380330.0
US.VRTS,Virtus Investment,151.64,130105.0,19368583.0
US.RNST,Renasant,42.98,446834.0,19255040.0
US.BEP,Brookfield Renewable Partners LP,33.88,564593.0,19251152.0
US.MLYS,Mineralys Therapeutics,27.69,700770.0,19217357.0
US.ALRM,Alarm.com,49.69,388551.0,19216681.0
US.PPTA,Perpetua Resources,21.33,893965.0,19172723.0
US.UPBD,Upbound Group,19.89,965402.0,19150639.0
US.LKFN,Lakeland Financial,62.4,305575.0,19119887.0
US.MITK,Mitek Systems,19.21,969250.0,19025686.0
US.SENEA,Seneca Foods-A,183.98,103520.0,19003895.0
US.SERV,Serve Robotics,6.31,2979190.0,19001698.0
US.WLTH,Wealthfront,9.14,2040302.0,18998003.0
US.CGEM,Cullinan Therapeutics,17.63,1074820.0,18902361.0
US.ULCC,Frontier Group,7.58,2453018.0,18787076.0
US.MPT,Medical Properties Trust,4.59,4063993.0,18776804.0
US.OTTR,Otter Tail,91.39,206150.0,18755516.0
US.OMDA,Omada Health,22.39,835373.0,18719953.0
US.WSE,WISE GROUP PLC,12.95,1456023.0,18706192.0
US.VERX,Vertex,12.85,1448565.0,18705998.0
US.LBTYA,Liberty Global-A,11.3,1647627.0,18582654.0
US.BLFS,BioLife Solutions,28.11,655344.0,18549554.0
US.TOWN,TowneBank,36.45,509826.0,18543640.0
US.ZIM,ZIM Integrated Shipping,25.57,726049.0,18534943.0
US.OSS,One Stop Systems,15.69,1138062.0,18516300.0
US.AVA,Avista,41.4,448631.0,18487530.0
US.IMSR,Terrestrial Energy,6.46,2787053.0,18477141.0
US.VRRM,Verra Mobility,4.3,4235229.0,18434843.0
US.NMIH,NMI Holdings,41.04,450000.0,18392073.0
US.MLCO,Melco Resorts and Entertainment,5.39,3481843.0,18385598.0
US.GBTG,Global Business Travel Group,9.4,1951825.0,18349135.0
US.CMBT,CMB.Tech,14.56,1247180.0,18348310.0
US.MNPR,Monopar Therapeutics,97.79,188267.0,18221890.0
US.FBNC,First Bancorp NC,63.8,283012.0,18213848.0
US.HG,Hamilton Insurance,34.44,529639.0,18183415.0
US.PD,PagerDuty,9.98,1830434.0,18169280.0
US.TMC,TMC the metals,4.23,4209581.0,18155994.0
US.PSIX,Power Solutions International,37.08,491364.0,18115228.0
US.MNTS,Momentus,5.91,2860297.0,18111910.0
US.SPIR,Spire Global,18.44,976669.0,18104311.0
US.SHG,Shinhan Financial Group Co Ltd,66.88,271172.0,18092259.0
US.SWMR,Swarmer,42.93,411346.0,18050594.0
US.ASR,Grupo Aeroportuario del Sureste SAB de CV,310.81,58271.0,18044380.0
US.ROOT,Root Inc,61.73,298162.0,18037586.0
US.AMPG,AmpliTech Group,5.99,2817243.0,18037375.0
US.SYBT,Stock Yards Bancorp,78.15,230833.0,18004817.0
US.MCB,Metropolitan Bank,98.53,181606.0,18003634.0
US.AVPT,AvePoint,11.46,1566940.0,17940739.0
US.SGML,Sigma Lithium,12.29,1442051.0,17930284.0
US.AVBP,ArriVent BioPharma,34.67,515615.0,17826021.0
US.APPN,Appian,24.4,728972.0,17770116.0
US.TILE,Interface,35.67,502918.0,17761259.0
US.COLL,Collegium Pharmaceutical,37.03,480480.0,17751235.0
US.FEIM,Frequency Electronics,64.59,268408.0,17741843.0
US.WAFD,WaFd,38.34,461060.0,17738453.0
US.CBZ,CBIZ Inc,35.12,502802.0,17702204.0
US.MAZE,Maze Therapeutics,31.26,575729.0,17673051.0
US.VIA,Via Transportation,19.31,919909.0,17661363.0
US.LINC,Lincoln Educational Services,52.33,338665.0,17637939.0
US.TKC,Turkcell Iletisim Hizmetleri,5.84,2998378.0,17619410.0
US.OCUL,Ocular Therapeutix,9.64,1834116.0,17606331.0
US.ANDE,Andersons,66.3,264200.0,17596602.0
US.BANF,BancFirst,113.97,153289.0,17573076.0
US.BTQ,BTQ Technologies,4.82,3493244.0,17563658.0
US.HE,Hawaiian Electric Industries,13.63,1289741.0,17554134.0
US.FRME,First Merchants,43.44,402645.0,17528424.0
US.HCSG,Healthcare Services Group,25.15,699722.0,17464582.0
US.TTI,Tetra Technologies,9.3,1837881.0,17460112.0
US.TECX,Tectonic Therapeutic,37.93,479987.0,17409414.0
US.EVMN,Evommune,12.96,1344576.0,17408752.0
US.AVLN,AVALYN PHARMA INC,29.73,582507.0,17400730.0
US.WLDN,Willdan Group,76.3,225423.0,17366357.0
US.ACVA,ACV Auctions,7.3,2376343.0,17273706.0
US.OLMA,Olema Pharmaceuticals,12.64,1376001.0,17267951.0
US.IFS,Intercorp Financial Services,58.13,296162.0,17212122.0
US.NMRK,Newmark Group,15.72,1099565.0,17210767.0
US.GMRS,GMR Solutions,14.52,1169180.0,17200472.0
US.SILC,Silicom,42.59,386855.0,17173386.0
US.FBK,FB Financial,55.9,306509.0,17169395.0
US.CASH,Pathward Financial,88.72,193199.0,17143070.0
US.TRIN,Trinity Capital,17.79,961263.0,17135117.0
US.PAGP,Plains GP Holdings,24.43,704992.0,17120616.0
US.GLIBK,GCI Liberty-C,22.44,756391.0,17002125.0
US.DEC,Diversified Energy,14.3,1192386.0,16890243.0
US.FSV,Firstservice,145.735,116250.0,16846697.0
US.OI,Owens-Illinois,9.79,1729534.0,16837995.0
US.BY,Byline Bancorp,37.44,444073.0,16782789.0
US.ABM,ABM Industries,44.27,380174.0,16778719.0
US.CHA,Chagee Holdings,11.01,1464543.0,16769757.0
US.ARDX,Ardelyx,5.27,3208570.0,16765569.0
US.NGVT,Ingevity,72.49,231932.0,16765291.0
US.DQ,Daqo New Energy,12.25,1339560.0,16762433.0
US.OPY,Oppenheimer Holdings,109.46,148561.0,16673871.0
US.NBN,Northeast Bank,134.48,122893.0,16664029.0
US.UNCY,Unicycive Therapeutics,5.73,2993015.0,16614369.0
US.BMA,Banco Macro,90.24,183183.0,16592216.0
US.ALIT,Alight,14.26,1206063.0,16591846.0
US.LMRI,Lumexa Imaging,12.43,1347099.0,16587110.0
US.AORT,Artivion,23.97,698425.0,16579194.0
US.TBLA,Taboola Com,5.14,3214797.0,16549322.0
US.TRMK,Trustmark,46.38,356618.0,16540724.0
US.NBTB,NBT Bancorp,50.08,330223.0,16501900.0
US.CPK,Chesapeake Utilities Corp,125.0,132398.0,16464632.0
US.PWP,Perella Weinberg Partners,16.47,989008.0,16418786.0
US.UA,Under Armour-C,6.48,2543930.0,16414693.0
US.LGIH,LGI Homes,62.03,268595.0,16400551.0
US.GRBK,Green Brick Partners,79.25,207885.0,16400516.0
US.ZGN,Ermenegildo Zegna NV,13.17,1240632.0,16313884.0
US.BRC,Brady Corp,91.94,178354.0,16280808.0
US.TREE,LendingTree,45.0,356177.0,16216564.0
US.CYH,Community Health Systems,3.9,4247286.0,16216117.0
US.PHVS,Pharvaris,33.86,478098.0,16197663.0
US.ENR,Energizer Holdings,21.75,743559.0,16191907.0
US.SEPN,Septerna,34.0,475806.0,16141680.0
US.UTZ,Utz Brands,8.27,1949011.0,16127592.0
US.STRO,Sutro Biopharma,30.43,524926.0,16070436.0
US.WFG,West Fraser Timber,69.64,231689.0,16003466.0
US.JANX,Janux Therapeutics,15.54,1037770.0,15983536.0
US.HQ,Horizon Quantum Holdings,23.78,641077.0,15977490.0
US.BHC,Bausch Health,4.9,3279428.0,15951385.0
US.BLTE,Belite Bio,146.63,109393.0,15946001.0
US.ARLO,Arlo Technologies,12.98,1223600.0,15923429.0
US.PRSU,Pursuit Attractions and Hospitality,55.4,286587.0,15922243.0
US.EMA,Emera,53.47,298321.0,15879744.0
US.DRUG,Bright Minds Biosciences,67.6,234708.0,15812156.0
US.MH,McGraw Hill,10.5,1500621.0,15792821.0
US.NBHC,National Bank,44.51,355673.0,15788213.0
US.DOO,BRP Inc,57.865,269849.0,15698977.0
US.VET,Vermilion Energy,8.99,1731810.0,15673465.0
US.EVLV,Evolv Technologies,6.24,2489445.0,15642960.0
US.HLF,Herbalife,13.11,1197598.0,15642474.0
US.BV,BrightView Holdings,14.4,1077485.0,15564949.0
US.NNI,Nelnet,135.26,114858.0,15528771.0
US.RDVT,Red Violet,65.52,235215.0,15500704.0
US.GIII,G-III Apparel Group,33.5,461564.0,15449759.0
US.HTGC,Hercules Capital,15.96,966575.0,15447745.0
US.FWONA,Liberty Formula One-A,90.89,169689.0,15393960.0
US.HELE,Helen Of Troy,28.14,544146.0,15374614.0
US.UVE,Universal Insurance Holdings Inc,43.01,356843.0,15365718.0
US.PFBC,Preferred Bank,107.16,142582.0,15347299.0
US.PAYO,Payoneer Global,7.09,2156523.0,15294613.0
US.LMB,Limbach,76.0,199316.0,15256455.0
US.CADL,Candel Therapeutics,9.83,1550102.0,15229923.0
US.MGTX,MeiraGTx Holdings,13.92,1121345.0,15211603.0
US.SSTK,Shutterstock,9.81,1517821.0,15209778.0
US.CBU,Community Financial System,67.61,224942.0,15193981.0
US.TROX,Tronox,6.21,2430300.0,15179159.0
US.TSHA,Taysha Gene Therapies,6.53,2325512.0,15178802.0
US.FLOC,Flowco Holdings,20.74,729314.0,15167022.0
US.AAC.U,ARES ACQUISITION CORPORATION III UNIT 1 ORD SHS CL A & 1/10 WT EXP,10.0501,1507692.0,15158810.0
US.MNTN,MNTN Inc,11.15,1365310.0,15152526.0
US.MTX,Minerals Technologies,74.46,204324.0,15137299.0
US.STRA,Strategic Education,80.98,187778.0,15132749.0
US.ADUR,Aduro Clean Technologies,15.68,978916.0,15083761.0
US.ELTX,Elicio Therapeutics,3.22,4353448.0,15073846.0
US.XIFR,XPLR Infrastructure LP,12.35,1221906.0,15050599.0
US.VIV,Telefonica Brasil,13.25,1140973.0,15038486.0
US.CLYM,Climb Bio,12.9,1176673.0,15023585.0
US.EDIT,Editas Medicine,3.65,4202064.0,15001303.0
US.RBCAA,Republic Bancorp,91.5,162786.0,14996296.0
US.TBRG,TruBridge,26.24,570950.0,14978482.0
US.EPAC,Enerpac Tool,34.87,431849.0,14970291.0
US.DOLE,Dole plc,14.02,1071354.0,14968048.0
US.MNRO,Monro,17.21,871110.0,14962256.0
US.AVO,Mission Produce,12.49,1186474.0,14948246.0
US.DRTS,Alpha Tau Medical,13.23,1154552.0,14905799.0
US.OEC,Orion SA,5.74,2476913.0,14905667.0
US.SPRY,ARS Pharmaceuticals,8.56,1796362.0,14851867.0
US.CNS,Cohen & Steers,78.57,189703.0,14836251.0
US.BLX,Bladex,59.24,249180.0,14830554.0
US.SPNT,SiriusPoint,24.63,605892.0,14814238.0
US.CNMD,ConMed,33.83,436998.0,14721052.0
US.ZYME,Zymeworks,26.31,563781.0,14681790.0
US.PRLB,Proto Labs,76.4,191698.0,14676724.0
US.ARCT,Arcturus Therapeutics,7.28,1905527.0,14623626.0
US.ELMT,Elmet Group,17.43,817795.0,14609591.0
US.ASC,Ardmore Shipping,14.86,968940.0,14576818.0
US.INVA,Innoviva,22.31,655045.0,14552769.0
US.OSPRU,OSPREY ACQUISITION CORPORATION III UNITS EACH CONST OF 1 CL A ORD & 1/3 WT,10.1,1440008.0,14543206.0
US.NEXT,NextDecade,7.58,1914028.0,14503428.0
US.SSL,Sasol,9.69,1488294.0,14437573.0
US.CBLL,Ceribell,19.55,721374.0,14432344.0
US.NVGS,Navigator,19.12,746512.0,14427854.0
US.TRS,TriMas Corp,42.01,343498.0,14424537.0
US.ALTO,Alto Ingredients,5.56,2515115.0,14422046.0
US.AMRC,Ameresco,25.4,566956.0,14367086.0
US.SBH,Sally Beauty Holdings,14.14,1007741.0,14283771.0
US.RYZ,Ryerson Holding,24.03,596390.0,14281685.0
US.SION,Sionna Therapeutics,43.99,329043.0,14264080.0
US.GENB,Generate Biomedicines,17.41,833491.0,14262639.0
US.WWW,Wolverine World Wide,16.53,859540.0,14258859.0
US.HNRG,Hallador Energy,16.25,870653.0,14240222.0
US.SFL,SFL Corp,10.59,1340094.0,14181939.0
US.STAA,Staar Surgical,27.79,508768.0,14159494.0
US.PLAY,Dave & Buster's Entertainment,11.04,1271348.0,14135267.0
US.APEI,American Public Education,56.72,248970.0,14110957.0
US.GENI,Genius Sports,6.43,2199644.0,14051351.0
US.CHCO,City Holding,134.85,104013.0,14028072.0
US.TALK,Talkspace,5.2,2697844.0,14025782.0
US.FWRG,First Watch Restaurant,13.09,1074391.0,13993782.0
US.BKE,Buckle Inc,42.19,332441.0,13946148.0
US.PSO,Pearson,16.71,836774.0,13926277.0
US.NMAX,Newsmax,8.99,1530861.0,13925740.0
US.ANNX,Annexon,5.46,2561838.0,13914636.0
US.DIN,Dine Brands Global Inc,36.5,384002.0,13848607.0
US.AAUC,Allied Gold,24.6,563327.0,13824545.0
US.OFG,OFG Bancorp,49.48,279345.0,13821906.0
US.CARE,Carter Bankshares,33.13,410119.0,13812906.0
US.XNCR,Xencor,15.0,919419.0,13811287.0
US.HOV,Hovnanian Enterprises,134.53,103210.0,13752647.0
US.GSIT,GSI Technology,6.82,1933054.0,13740088.0
US.RZLT,Rezolute,4.91,2794829.0,13736190.0
US.UHAL,U-Haul,67.58,202962.0,13651411.0
US.GEF,Greif,75.18,181563.0,13598936.0
US.NVRI,Enviri Corporation,22.59,596469.0,13585438.0
US.AMBP,Ardagh Metal,4.83,2818642.0,13556023.0
US.AZTA,Azenta,25.84,518088.0,13475773.0
US.DFIN,Donnelley Financial Solutions,46.21,291904.0,13470014.0
US.TDAY,USA TODAY,8.83,1531124.0,13454747.0
US.MPLT,MapLight Therapeutics,37.09,367146.0,13452286.0
US.TIGR,UP Fintech,4.58,2926145.0,13403398.0
US.LBRX,LB Pharmaceuticals,33.43,406034.0,13380090.0
US.CTOS,Custom Truck One Source,10.04,1299337.0,13355077.0
US.ARHS,Arhaus,8.62,1538218.0,13322072.0
US.BBW,Build-A-Bear Workshop,31.5,421934.0,13216252.0
US.CMP,Compass Minerals,29.95,442389.0,13196932.0
US.VSTM,Verastem,4.5,2967738.0,13181087.0
US.RYAM,Rayonier Advanced Materials,7.36,1714741.0,13139663.0
US.WF,Woori Financial,59.81,219563.0,13129582.0
US.BRSL,Brightstar Lottery,11.26,1168986.0,13122163.0
US.MAMA,Mama's Creations,18.68,708075.0,13113174.0
US.BXDC,Blackstone Digital Infrastructure Trust,21.95,597986.0,13108277.0
US.ALB.PRA,ALBEMARLE CORP 7.25% DEP SHS REP 1/20TH SER A,55.18,232675.0,13106210.0
US.CLBK,Columbia Financial,21.17,612802.0,13022705.0
US.FDMT,4D Molecular Therapeutics,13.0,1002805.0,13007840.0
US.CRESY,Cresud,11.01,1181530.0,12987316.0
US.NVCT,Nuvectis Pharma,19.57,654553.0,12980808.0
US.SAH,Sonic Automotive,83.73,155863.0,12972683.0
US.CCRN,Cross Country Healthcare,13.2,980186.0,12938453.0
US.ALT,Altimmune,3.16,4077524.0,12934326.0
US.IRMD,IRadimed,100.97,130062.0,12903866.0
US.HOPE,Hope Bancorp,13.58,944148.0,12897953.0
US.KEP,Korea Electric Power,12.5,1032830.0,12879239.0
US.KYTX,Kyverna Therapeutics,8.89,1453588.0,12858487.0
US.LZB,La-Z-Boy,39.91,323501.0,12853456.0
US.FG,F&G Annuities & Life,27.94,463100.0,12835934.0
US.AVR,Anteris Technologies Global,10.24,1262697.0,12806006.0
US.LAR,Lithium Argentina AG,7.98,1569359.0,12778715.0
US.HMN,Horace Mann Educators,53.85,237686.0,12759586.0
US.OMER,Omeros,9.28,1375685.0,12689043.0
US.CWH,Camping World,7.23,1740808.0,12682748.0
US.ALMU,Aeluma Inc,18.85,664381.0,12670014.0
US.NGNE,Neurogene,35.34,363217.0,12669946.0
US.ABUS,Arbutus Biopharma,4.87,2607717.0,12622404.0
US.CLB,Core Laboratories,11.46,1092223.0,12622237.0
US.BANR,Banner Corp,67.17,187769.0,12615880.0
US.EVTC,Evertec,29.63,425800.0,12589016.0
US.GDYN,Grid Dynamics,6.09,2003416.0,12549981.0
US.CSWC,Capital Southwest Corp,23.73,525358.0,12540984.0
US.GPRE,Green Plains Inc,15.51,792534.0,12397151.0
US.EFXT,Enerflex,23.08,532372.0,12383190.0
US.OGC,OceanaGold,26.1,474758.0,12368506.0
US.MLAB,Mesa Laboratories,105.54,117340.0,12366644.0
US.STC,Stewart Information Services,67.96,182176.0,12351371.0
US.BKKT,Bakkt,8.36,1435697.0,12349823.0
US.CRVL,CorVel,64.14,189519.0,12319896.0
US.STBA,S&T Bancorp,49.13,250213.0,12300458.0
US.IART,Integra Lifesciences,18.05,683034.0,12295156.0
US.RVLV,Revolve Group,22.62,541443.0,12294611.0
US.THFF,First Financial,77.02,158829.0,12254851.0
US.MSEX,Middlesex Water,57.55,212577.0,12210677.0
US.FSUN,FirstSun Capital Bancorp,38.98,311149.0,12202573.0
US.MRLN,Merlin Inc,5.28,2135782.0,12182134.0
US.BBUC,Brookfield Business Corp,30.78,396038.0,12180851.0
US.TLK,PT Telekomunikasi Indonesia,13.89,876084.0,12168901.0
US.JOE,The St. Joe,61.33,197450.0,12126137.0
US.AIN,Albany International,73.39,164761.0,12108451.0
US.HBNC,Horizon Bancorp (IN),19.78,605112.0,12051348.0
US.DAC,Danaos,122.32,97344.0,12034172.0
US.MEI,Methode Electronics,15.3,754494.0,12011061.0
US.SPT,Sprout Social,8.08,1486085.0,11989590.0
US.UVV,Universal Corp,51.62,231527.0,11981350.0
US.PLOW,Douglas Dynamics,50.27,234350.0,11881581.0
US.CWBC,Community West Bancshares,26.97,439338.0,11879609.0
US.IMKTA,Ingles Markets,90.17,131831.0,11868122.0
US.KOP,Koppers,46.21,255748.0,11863210.0
US.WDS,Woodside Energy,19.54,607431.0,11853389.0
US.APOG,Apogee Enterprises,40.57,288681.0,11846890.0
US.VSTS,Vestis,14.28,818494.0,11797220.0
US.TCMD,Tactile Systems Technology,31.35,382951.0,11770023.0
US.LTRX,Lantronix,5.49,2054443.0,11745420.0
US.TNC,Tennant,87.48,135052.0,11724127.0
US.TGS,Transportadora de Gas del Sur,28.4,407799.0,11612525.0
US.DAKT,Daktronics,19.91,585591.0,11594937.0
US.CODI,Compass Diversified,10.61,1069229.0,11562644.0
US.PAM,Pampa Energia,80.58,142630.0,11557985.0
US.TCBK,TriCo Bancshares,54.54,211849.0,11532472.0
US.OCTV,Octave Intelligence,17.4,661250.0,11513376.0
US.VIR,Vir Biotechnology,10.04,1159890.0,11509556.0
US.EVER,EverQuote,24.86,465106.0,11499793.0
US.EFSC,Enterprise Financial Services,65.8,174309.0,11472194.0
US.NPK,National Presto Industries,123.21,93232.0,11469713.0
US.BHRB,Burke & Herbert Financial Services,70.15,161064.0,11452901.0
US.MAX,MediaAlpha,13.43,857565.0,11413905.0
US.IRWD,Ironwood Pharmaceuticals,4.33,2651198.0,11394476.0
US.TX,Ternium,41.75,270800.0,11331173.0
US.BSAC,Banco Santander Chile,32.66,345441.0,11313471.0
US.MRTN,Marten Transport,17.46,647659.0,11249227.0
US.PLUS,ePlus,80.82,138463.0,11241320.0
US.WABC,Westamerica Bancorp,59.51,188250.0,11217224.0
US.CCCC,C4 Therapeutics,4.3,2624634.0,11209885.0
US.CHRN,ChronoScale,16.49,670303.0,11206703.0
US.TIC,TIC Solutions,8.11,1377961.0,11191597.0
US.NMM,Navios Maritime,72.47,153816.0,11185318.0
US.NMR,Nomura Holdings,9.06,1226989.0,11132202.0
US.CLPT,ClearPoint Neuro,18.72,599057.0,11111146.0
US.FWDI,Forward Industries,4.81,2246124.0,11098267.0
US.JKS,JinkoSolar,15.84,693402.0,11085587.0
US.OXM,Oxford Industries,34.88,314312.0,11053182.0
US.CNXN,PC Connection,72.43,151177.0,11011561.0
US.SECZ,Securitize,12.3,853519.0,11005216.0
US.CRSR,Corsair Gaming,8.9,1224651.0,11000932.0
US.STRF,STRATEGY INC 10.00% SER A PERPETUAL STRIFE PFD STK,95.58,115268.0,10993077.0
US.NIQ,NIQ Global Intelligence,9.88,1112473.0,10971445.0
US.PHR,Phreesia,10.94,1000386.0,10958867.0
US.ODC,Oil-Dri Corp of America,100.34,108501.0,10945716.0
US.ACT,Enact Holdings,45.34,241535.0,10941545.0
US.ANRO,Alto Neuroscience,24.78,438526.0,10931929.0
US.HZO,MarineMax,34.48,315074.0,10928020.0
US.SWBI,Smith & Wesson Brands,14.95,726938.0,10896198.0
US.ACHV,Achieve Life,6.4,1712910.0,10892534.0
US.CMCO,Columbus McKinnon,13.55,803426.0,10876786.0
US.EE,Excelerate Energy,37.99,286952.0,10862724.0
US.HRTG,Heritage Insurance,27.12,397400.0,10835125.0
US.SUN,Sunoco,68.28,159006.0,10810976.0
US.BMBL,Bumble,3.28,3219652.0,10805771.0
US.BETR,Better Home & Finance,28.6,366592.0,10766061.0
US.WS,Worthington Steel,32.02,336934.0,10741026.0
US.KOF,Coca-Cola FEMSA,107.38,99505.0,10688552.0
US.SPFI,South Plains Financial,42.56,248430.0,10685189.0
US.GBDC,Golub Capital BDC,12.99,823759.0,10683183.0
US.KODK,Eastman Kodak,8.47,1235757.0,10671414.0
US.FLNG,Flex LNG,29.29,364613.0,10648282.0
US.ACRS,Aclaris Therapeutics,5.56,1943082.0,10633563.0
US.TRNS,Transcat,89.03,117518.0,10619311.0
US.NHP,National Healthcare Properties,14.8,708506.0,10604218.0
US.BUR,Burford Capital,4.26,2461157.0,10573757.0
US.WNC,Wabash National,13.26,792618.0,10563780.0
US.WPP,WPP PLC,16.53,642783.0,10561908.0
US.AB,AllianceBernstein Holding,36.31,290992.0,10551444.0
US.NB,NioCorp Developments,4.74,2207935.0,10522358.0
US.TRAX,First Tracks Biotherapeutics,19.3,559253.0,10510109.0
US.MRVI,Maravai LifeSciences,6.04,1723832.0,10472105.0
US.PKE,Park Aerospace,37.83,274451.0,10441561.0
US.SMCIP,SUPER MICRO COMPUTER INC 7 % DEP SHS REPSTG 1/20TH PFD CONV SER A,48.34,218939.0,10435159.0
US.BIOA,BioAge Labs,25.1,418673.0,10399853.0
US.NTB,Bank of N.T Butterfield & Son,59.67,173593.0,10371173.0
US.FWRD,Forward Air,13.45,761171.0,10359287.0
US.NWN,Northwest Natural,49.73,208662.0,10355271.0
US.FOXF,Fox Factory,16.51,623184.0,10326285.0
US.WD,Walker & Dunlop,54.55,189045.0,10319797.0
US.LCLN,Lincoln International,24.62,419815.0,10305796.0
US.SCSC,ScanSource,50.87,201535.0,10302201.0
US.ATHM,Autohome,18.18,572874.0,10286762.0
US.QNST,QuinStreet,15.82,653316.0,10272016.0
US.DNUT,Krispy Kreme,3.51,2900708.0,10270822.0
US.CERS,Cerus,3.16,3298413.0,10258014.0
US.CYD,China Yuchai International,43.39,232790.0,10243522.0
US.EIG,Employers,51.93,198041.0,10231914.0
US.TFSL,TFS Financial,17.84,574063.0,10228872.0
US.FC,Franklin Covey,21.78,478662.0,10201030.0
US.INMD,InMode,14.8,688270.0,10196560.0
US.INVX,Innovex International,24.09,425775.0,10179266.0
US.ROCK,Gibraltar Industries,43.92,232052.0,10174368.0
US.TRLV,Trulieve Cannabis,9.78,1054550.0,10173449.0
US.BOBS,Bob's Discount Furniture,16.39,629094.0,10154730.0
US.WTG,Wintergreen Acquisition Corp,10.45,971294.0,10150042.0
US.XPEL,XPEL Inc,48.52,207799.0,10128238.0
US.LXU,LSB Industries,10.64,939811.0,10125665.0
US.SCHL,Scholastic Corp,46.41,216647.0,10108125.0
US.LPL,LG Display,3.59,2785434.0,10084142.0
US.CVEO,Civeo,30.0,325270.0,10040848.0
US.BBNX,Beta Bionics,16.76,606898.0,10033672.0
US.ETD,Ethan Allen Interiors,21.69,460539.0,10003724.0
US.RCKT,Rocket Pharmaceuticals,3.84,2701914.0,9991997.0
US.RAPP,Rapport Therapeutics,38.97,254369.0,9974329.0
US.HLX,Helix Energy Solutions,8.54,1165843.0,9968422.0
US.NEOG,Neogen,9.34,1059996.0,9921775.0
US.TGLS,Tecnoglass,45.62,215514.0,9893294.0
US.PHAT,Phathom Pharmaceuticals,11.2,889300.0,9886630.0
US.PAHC,Phibro Animal Health,33.26,298930.0,9877998.0
US.CTRN,Citi Trends,55.28,178172.0,9854766.0
US.SLVM,Sylvamo,38.54,256847.0,9846762.0
US.TRUP,Trupanion,26.91,370211.0,9843763.0
US.THRM,Gentherm,33.88,290239.0,9790981.0
US.GRFS,Grifols,7.16,1369447.0,9790295.0
US.PDYN,Palladyne AI,5.84,1613948.0,9788751.0
US.DCOM,Dime Commercial Bancshares,40.31,240408.0,9715920.0
US.WRD,WeRide,5.52,1743385.0,9709770.0
US.RNW,ReNew Energy Global,6.09,1582949.0,9678874.0
US.FUBO,FuboTV,10.2,946560.0,9642991.0
US.IOSP,Innospec,83.1,116333.0,9620233.0
US.ITRN,Ituran Location & Control,57.14,164636.0,9611732.0
US.DMC,Del Monte,28.22,339829.0,9588452.0
US.PESI,Perma-Fix Environmental Services,13.51,704687.0,9583187.0
US.CABO,Cable One,48.91,196122.0,9581758.0
US.JMIA,Jumia Technologies,7.05,1343401.0,9574331.0
US.TEN,Tsakos Energy Navigation,37.37,255054.0,9564201.0
US.BFC,Bank First,151.8,63026.0,9553937.0
US.SVCO,Silvaco,11.1,846842.0,9517666.0
US.SVRA,Savara,6.22,1531756.0,9516921.0
US.CENTA,Central Garden & Pet-A,38.43,247105.0,9497394.0
US.CYRX,Cryoport,15.49,602360.0,9429180.0
US.OFRM,Once Upon a Farm,21.38,438284.0,9401583.0
US.LOB,Live Oak Bancshares,41.05,228679.0,9385759.0
US.ASTE,Astec Industries,57.56,161348.0,9379170.0
US.VTOL,Bristow,41.41,226867.0,9378910.0
US.ASYS,Amtech Systems,18.8,484431.0,9368709.0
US.PCRX,Pacira BioSciences,25.39,370496.0,9361027.0
US.TR,Tootsie Roll Industries,40.78,230245.0,9358705.0
US.GTN,Gray Media,4.11,2304757.0,9342035.0
US.AYA,Aya Gold & Silver,19.62,475157.0,9332667.0
US.TDUP,ThredUp,7.03,1330458.0,9327764.0
US.BCAR,D. BORAL ARC ACQUISITION I CORP.,10.51,884178.0,9325999.0
US.WATT,Energous,24.09,386363.0,9268290.0
US.BBSI,Barrett Business Services,37.91,244535.0,9262128.0
US.ALH,Alliance Laundry Holdings,25.86,359251.0,9260349.0
US.MBUU,Malibu Boats,25.07,372776.0,9259428.0
US.BXC,BlueLinx Holdings,56.84,160775.0,9231175.0
US.SBGI,Sinclair Broadcast Group,15.42,607505.0,9223664.0
US.RMAX,RE/MAX Holdings,11.12,837177.0,9207104.0
US.RLMD,Relmada Therapeutics,6.28,1449051.0,9203850.0
US.ONT,Onterris,20.92,445961.0,9200252.0
US.XMAX,XMax Inc,8.94,1023844.0,9199500.0
US.GEMI,Gemini Space Station,4.23,2060590.0,9199192.0
US.TSSI,TSS Inc,11.21,799207.0,9183722.0
US.HLMN,Hillman Solutions,8.12,1128836.0,9146901.0
US.CRMD,CorMedix,8.75,1043904.0,9126449.0
US.SAFT,Safety Insurance,77.47,117734.0,9083208.0
US.FCF,First Commonwealth Financial,20.47,442272.0,9056300.0
US.LSPD,Lightspeed POS,10.8,835110.0,9040920.0
US.DNA,Ginkgo Bioworks,10.4,865448.0,9016681.0
US.STRK,STRATEGY INC 8.00% SERIES A PERPETUAL STRIKE PFD,61.46,146335.0,8973111.0
US.PAYP,PayPay,14.71,605260.0,8941442.0
US.IDT,IDT Corp,58.82,152279.0,8921908.0
US.OPTX,Syntec Optics Holdings,10.875,785835.0,8899900.0
US.SLP,Simulations Plus,18.39,483048.0,8885958.0
US.GLP,Global Partners,47.47,186222.0,8869690.0
US.IHS,IHS Holding,8.22,1075529.0,8860800.0
US.BFST,Business First Bancshares,30.64,286560.0,8834086.0
US.JBSS,John B. Sanfilippo & Son,90.6,98044.0,8823219.0
US.IQMX,IQM Quantum Computers,13.03,690966.0,8809775.0
US.MATW,Matthews International,26.69,331121.0,8803169.0
US.NSSC,Napco Security Technologies,37.79,233074.0,8797077.0
US.PBLS,Parabilis Medicines,29.58,302540.0,8755760.0
US.MOV,Movado,37.61,233344.0,8748589.0
US.PGC,Peapack Gladstone Financial,47.38,183077.0,8739426.0
US.ABEO,Abeona Therapeutics,6.4,1396325.0,8726333.0
US.RILY,BRC Group Holdings Inc,7.98,1066935.0,8705861.0
US.ASPN,Aspen Aerogels,5.58,1513239.0,8636055.0
US.RRBI,Red River Bancshares,94.79,91091.0,8621437.0
US.PDM,PIEDMONT REALTY TRUST INC.,9.61,896010.0,8611824.0
US.PLBL,Polibeli,10.26,848246.0,8592641.0
US.GABC,German American Bancorp,47.6,180279.0,8591503.0
US.FBRX,Forte Biosciences,20.92,401572.0,8588945.0
US.XXI,Twenty One Capital,5.42,1547508.0,8588566.0
US.INV,Innventure,4.82,1726111.0,8567015.0
US.CTBI,Community Trust Bancorp,72.75,117380.0,8557900.0
US.LBTYK,Liberty Global-C,10.9,787217.0,8553548.0
US.GILT,Gilat Satellite Networks,12.88,654025.0,8543236.0
US.AMTB,Amerant Bancorp,25.37,334347.0,8533377.0
US.KLRA,Kailera Therapeutics,21.99,392319.0,8533171.0
US.DRD,DRDGOLD,21.9,387743.0,8513152.0
US.LPRO,Open Lending,3.11,2728621.0,8494140.0
US.WB,Weibo,7.36,1153018.0,8493580.0
US.CDRE,Cadre Holdings,29.44,289625.0,8489603.0
US.DFH,Dream Finders Homes,16.79,511768.0,8489511.0
US.SHOE,Shoe Station Group,15.09,560519.0,8475830.0
US.BLCO,Bausch + Lomb Corp.,17.16,493847.0,8434965.0
US.HBCP,Home Bancorp,69.32,120597.0,8404763.0
US.QCRH,QCR Holdings,96.65,86327.0,8381138.0
US.MTUS,Metallus,17.5,472690.0,8352612.0
US.DEA,Easterly Government Properties,25.54,325960.0,8315490.0
US.RMIX,Suncrete,21.69,384305.0,8276265.0
US.MBWM,Mercantile Bank,57.81,142487.0,8262066.0
US.KARD,Kardigan,24.35,342786.0,8250212.0
US.PUBM,Pubmatic,13.55,605119.0,8241275.0
US.BCH,Banco De Chile,39.38,209587.0,8236437.0
US.KC,Kingsoft Cloud,9.1,905804.0,8235285.0
US.WEAV,Weave Communications,6.58,1254129.0,8190396.0
US.ORN,Orion Group,14.81,550385.0,8189100.0
US.KMTS,Kestra Medical Technologies,26.98,308083.0,8174458.0
US.LFMD,LifeMD,4.87,1656741.0,8130106.0
US.UVSP,Univest Financial,44.13,182788.0,8083617.0
US.PAX,Patria Investments,11.1,722412.0,8037145.0
US.IIIV,i3 Verticals,21.69,366464.0,8033160.0
US.SIBN,Si-Bone,17.11,474024.0,8018886.0
US.PLGO,Pelagos Insurance,25.56,315655.0,8011526.0
US.CCB,Coastal Financial,78.35,101672.0,8000834.0
US.LILA,Liberty Latin America-A,7.62,1047135.0,7998962.0
US.AGNT,AGNT Inc,5.32,1509414.0,7997684.0
US.LRMR,Larimar Therapeutics,3.26,2443968.0,7964475.0
US.OPFI,OppFi,9.96,788536.0,7915161.0
US.MYGN,Myriad Genetics,5.99,1319083.0,7915140.0
US.QUIK,QuickLogic,16.02,480322.0,7857290.0
US.AHCO,AdaptHealth,10.76,729682.0,7845364.0
US.COAG,Hemab Therapeutics Holdings,31.0,251804.0,7833134.0
US.LTBR,Lightbridge,8.64,891815.0,7825658.0
US.BBAR,Banco BBVA,19.45,396946.0,7818212.0
US.PRAA,PRA Group,18.28,420797.0,7807570.0
US.UTL,Unitil,53.48,145425.0,7775440.0
US.NTGR,Netgear,21.5,356493.0,7753254.0
US.GCO,Genesco,33.16,233721.0,7732089.0
US.OCC,Optical Cable,16.0,470083.0,7721830.0
US.GSL,Global Ship Lease,38.11,201422.0,7721682.0
US.APO.PRA,APOLLO GLOBAL MANAGEMENT INC 6.75% CONV PFD STK SER A,61.04,125824.0,7671762.0
US.VLRS,Controladora Vuela Compania de Aviacion,9.16,836839.0,7649767.0
US.PFIS,Peoples Financial Service,67.12,113000.0,7643990.0
US.SRCE,1st Source Corp.,82.09,92917.0,7639462.0
US.ALRS,Alerus Financial,31.11,244854.0,7626695.0
US.GEF.B,Greif-B,92.57,81826.0,7600062.0
US.VTS,Vitesse Energy,15.48,487071.0,7584499.0
US.SFIX,Stitch Fix,3.84,1951503.0,7500484.0
US.LBRDA,Liberty Broadband-A,32.13,236917.0,7495635.0
US.MBAV,M3-Brigade Acquisition V Corp,10.83,689078.0,7462719.0
US.TATT,TAT Technologies,47.6,155112.0,7452051.0
US.SMBC,Southern Missouri Bancorp,76.04,97433.0,7450771.0
US.ZLAB,Zai Lab,19.12,389153.0,7427381.0
US.AIRJ,AirJoule Technologies,4.835,1507125.0,7422843.0
US.ARCO,Arcos Dorados,8.23,901215.0,7406492.0
US.HTLD,Heartland Express,14.9,493078.0,7389685.0
US.DLX,Deluxe,24.31,302970.0,7388728.0
US.RSKD,Riskified,5.13,1451126.0,7381025.0
US.IMOS,ChipMOS TECHNOLOGIES,63.93,113570.0,7379897.0
US.CLFD,Clearfield,33.97,209689.0,7333211.0
US.SLN,Silence Therapeutics,10.39,696727.0,7322238.0
US.AQST,Aquestive Therapeutics,4.18,1732804.0,7309577.0
US.GSBC,Great Southern Bancorp,78.83,91477.0,7290243.0
US.CRTO,Criteo,19.08,379447.0,7234285.0
US.BVS,Bioventus,10.48,701199.0,7221959.0
US.ARDT,Ardent Health,10.76,677502.0,7207043.0
US.RUSHB,Rush Enterprises-B,75.08,96453.0,7189562.0
US.SFST,Southern First Bancshares,61.19,116247.0,7161046.0
US.AURA,Aura Biosciences,7.74,961698.0,7153590.0
US.AIIO,Robo.ai,4.17,1741386.0,7128642.0
US.SRTA,Strata Critical Medical,5.41,1328252.0,7125773.0
US.IX,ORIX,39.06,182549.0,7119502.0
US.MBIN,Merchants Bancorp,48.82,145048.0,7109029.0
US.SHEN,Shenandoah Telecommunications Co,13.55,519283.0,7104129.0
US.IVA,Inventiva,3.91,1832849.0,7098825.0
US.CBAN,Colony Bankcorp,20.23,349176.0,7097640.0
US.NX,Quanex Building Products,17.08,413665.0,7092731.0
US.OMAB,Central North Airport,111.73,63520.0,7083628.0
US.DUOT,Duos Technologies,10.225,671409.0,7077659.0
US.GSBD,Goldman Sachs BDC,9.58,734103.0,7071317.0
US.TSAT,Telesat,46.23,151985.0,7069979.0
US.FMNB,Farmers National,14.64,480300.0,7063737.0
US.RES,RPC Inc,5.6,1247741.0,7051624.0
US.UGP,Ultrapar Participacoes,5.07,1393556.0,7045495.0
US.QMCO,Quantum,10.16,685617.0,7036671.0
US.STRD,STRATEGY INC 10% NON CUM PREF SER A PERP STRIDE WI,60.96,114345.0,7030988.0
US.STRT,Strattec Security,77.84,87904.0,7019562.0
US.UFCS,United Fire Group,53.93,130470.0,7015749.0
US.ARLP,Alliance Resource,23.81,295403.0,7013092.0
US.STGW,Stagwell,7.4,939934.0,6999139.0
US.MMED,MiniMed Group,15.59,447200.0,6966679.0
US.SITC,SITE Centers,4.49,1538908.0,6959083.0
US.TOYO,TOYO Co,6.465,1091054.0,6952331.0
US.ATOM,Atomera,7.41,914935.0,6950404.0
US.SLBT,SL Science,5.99,1216225.0,6933190.0
US.TWO.PRC,TWO HARBORS INVESTMENT CORP 7.25% CUM RED FIXED FLTG RATE PREF SER C,25.4,272990.0,6899502.0
US.GDOT,Green Dot,13.35,516207.0,6896476.0
US.EGY,VAALCO Energy,5.06,1365638.0,6894584.0
US.RGC,Regencell Bioscience,6.37,940500.0,6891205.0
US.GOGO,Gogo Inc,3.57,1940926.0,6874564.0
US.BZH,Beazer Homes USA,28.07,245844.0,6825010.0
US.TOI,The Oncology Institute,5.28,1282498.0,6817385.0
US.CAST,FreeCast,4.34,1446560.0,6813540.0
US.ABX,Abacus Global Management,11.86,578731.0,6811062.0
US.BWFG,Bankwell Financial,58.6,114588.0,6799466.0
US.WTI,W&T Offshore,3.09,2200835.0,6795696.0
US.ELE,Elemental Royalty,17.11,388277.0,6789194.0
US.LIFE,Ethos Technologies,19.59,350026.0,6786581.0
US.KE,Kimball Electronics,25.09,263861.0,6663042.0
US.LQDT,Liquidity Services,38.36,172853.0,6649980.0
US.NAVI,Navient,8.61,769142.0,6627951.0
US.MFPVV,MIDERA FOOD PROCESSING INC,36.01,187758.0,6626114.0
US.KKR.PRD,KKR & CO INC 6.25% MAND CONV PREF SHARES SER D,40.31,163452.0,6622192.0
US.IIIN,Insteel Industries,29.92,221396.0,6620223.0
US.JBI,Janus International,5.35,1237734.0,6592116.0
US.ALMR,Alamar Biosciences,25.94,252333.0,6570596.0
US.LYTS,LSI Industries,25.59,255654.0,6564240.0
US.HFWA,Heritage Financial,29.7,220725.0,6561124.0
US.HTH,Hilltop Holdings,38.82,168103.0,6526971.0
US.OCSL,Oaktree Specialty Lending,12.2,531720.0,6498032.0
US.MPB,Mid Penn Bancorp,35.18,183764.0,6484946.0
US.BSBR,Banco Santander (Brasil),5.19,1231378.0,6436893.0
US.CRNC,Cerence,10.71,585118.0,6426302.0
US.GRVY,Gravity,65.58,98108.0,6414659.0
US.GNK,Genco Shipping & Trading,24.5,260407.0,6397757.0
US.FULC,Fulcrum Therapeutics,3.84,1709759.0,6394129.0
US.STVN,Stevanato Group,19.0,337541.0,6379818.0
US.CVLG,Covenant Logistics,43.94,144850.0,6371716.0
US.SXC,SunCoke Energy,7.82,813988.0,6360884.0
US.EQBK,Equity Bancshares,49.23,128354.0,6349777.0
US.ZUMZ,Zumiez,17.55,357779.0,6326739.0
US.SWIM,Latham Group,6.14,1023603.0,6318834.0
US.KFRC,Kforce,50.93,123616.0,6292934.0
US.PEBO,Peoples Bancorp,38.71,162504.0,6292831.0
US.SGMT,Sagimet Biosciences,7.61,834220.0,6288096.0
US.AMPH,Amphastar Pharmaceuticals,19.64,315753.0,6255622.0
US.PFLT,PennantPark,7.48,834790.0,6255343.0
US.YEXT,Yext Inc,4.95,1266924.0,6248567.0
US.INTG,The Intergroup,47.7,126527.0,6240448.0
US.GSM,Ferroglobe,3.27,1890502.0,6234257.0
US.STTK,Shattuck Labs,7.05,908937.0,6216752.0
US.NABL,N-able,4.11,1526134.0,6216537.0
US.EMBC,Embecta,3.35,1851317.0,6206857.0
US.MANU,Manchester United,23.11,270339.0,6205060.0
US.CARS,Cars.com,11.32,552098.0,6203007.0
US.KDK,Kodiak AI,5.32,1127047.0,6186375.0
US.FET,Forum Energy Technologies,46.98,129395.0,6174697.0
US.TSLX,Sixth Street Specialty Lending,17.29,354034.0,6131401.0
US.EGBN,Eagle Bancorp,27.59,219824.0,6106395.0
US.UAN,CVR Partners,114.0,53351.0,6096057.0
US.CGNT,Cognyte Software,8.99,671411.0,6085213.0
US.MCHB,Mechanics Bancorp,16.16,375482.0,6083547.0
US.BWLP,BW LPG,18.37,330815.0,6075171.0
US.LENZ,LENZ Therapeutics,5.89,1028493.0,6074095.0
US.CFFN,Capitol Federal Financial,8.45,716276.0,6066167.0
US.KRNY,Kearny Financial,9.37,645435.0,6055340.0
US.OBK,Origin Bancorp,51.37,117065.0,6017619.0
US.IMRX,Immuneering,5.19,1162462.0,5988314.0
US.BYRN,Byrna Technologies,6.97,848096.0,5973225.0
US.AMAL,Amalgamated Bank,46.04,129019.0,5957328.0
US.HNST,The Honest,3.9,1531657.0,5947051.0
US.TBN,Tamboran Resources,30.93,188141.0,5920197.0
US.XOMA,XOMA Corp,43.0,137659.0,5896581.0
US.FMBH,First Mid Bancshares,48.46,120955.0,5885656.0
US.DOMO,Domo Inc,3.54,1685994.0,5883776.0
US.CHT,Chunghwa Telecom,44.0,133496.0,5873519.0
US.STRS,Stratus Properties,27.59,210295.0,5850400.0
US.ZSQR,Z Squared,10.99,517626.0,5842070.0
US.PDS,Precision Drilling,75.69,76800.0,5823750.0
US.YSWY,Yesway,20.77,282132.0,5815880.0
US.ASIX,AdvanSix,20.29,287609.0,5809315.0
US.ISSC,Innovative Solutions and Support,18.39,317751.0,5808891.0
US.NCI,Neo-Concept International,11.91,484275.0,5801494.0
US.HAFC,Hanmi Financial,32.49,178028.0,5794485.0
US.TCBX,Third Coast Bancshares,40.0,143448.0,5794404.0
US.MNSO,MINISO,11.72,491109.0,5780557.0
US.NRDS,NerdWallet,9.47,611895.0,5773941.0
US.ERII,Energy Recovery,8.84,647692.0,5745718.0
US.KARO,Karooooo,53.87,108744.0,5744727.0
US.IBCP,Independent Bank (Ionia MI),36.04,158583.0,5736049.0
US.OSBC,Old Second Bancorp,23.23,246121.0,5734478.0
US.HELP,Cybin,6.24,909920.0,5728728.0
US.CTNM,Contineum Therapeutics,15.1,378660.0,5728448.0
US.CAAP,Corporacion America Airports,25.23,226244.0,5726362.0
US.PTLO,Portillo’s Inc.,4.98,1154430.0,5701946.0
US.AIBZ,Bitzero Holdings,7.24,797516.0,5688016.0
US.SCL,Stepan,56.75,100386.0,5662793.0
US.EIKN,Eikon Therapeutics,12.54,458032.0,5662142.0
US.TIMB,TIM,21.71,258783.0,5632608.0
US.AIOT,Powerfleet,4.37,1298773.0,5630414.0
US.OCS,Oculis,14.12,398419.0,5600187.0
US.ACDC,ProFrac Holding,5.15,1070347.0,5579090.0
US.FISI,Financial Institutions,39.02,141286.0,5535808.0
US.CCNE,CNB Financial,33.69,162966.0,5520568.0
US.BTGO,BitGo Holdings,5.11,1050627.0,5512506.0
US.CAL,Caleres,11.71,466832.0,5511847.0
US.ADAM,Adamas Trust Inc,9.14,598195.0,5492868.0
US.KRT,Karat Packaging,34.25,161151.0,5471196.0
US.ARVN,Arvinas,8.39,643672.0,5420625.0
US.KRP,Kimbell Royalty,14.49,372317.0,5402456.0
US.CCBG,Capital City Bank Group,49.63,108382.0,5399147.0
US.ASMB,Assembly Biosciences,27.74,199257.0,5386308.0
US.DPRO,Draganfly,5.12,1015995.0,5379350.0
US.FTK,Flotek Industries,22.19,238124.0,5365882.0
US.MX,MagnaChip Semiconductor,4.12,1254988.0,5327692.0
US.FNKO,Funko,5.51,968884.0,5326065.0
US.PLSE,Pulse Biosciences,29.205,182758.0,5297700.0
US.VNDA,Vanda Pharmaceuticals,6.21,859114.0,5281281.0
US.WASH,Washington Trust Bancorp,35.56,147546.0,5276753.0
US.BNAI,Brand Engagement Network,17.19,293551.0,5271135.0
US.ATS,ATS Corp,27.68,189104.0,5269447.0
US.HSTM,HealthStream,28.41,184925.0,5260037.0
US.RDWR,Radware,29.69,175372.0,5250836.0
US.PPLC,PPL CORP CORPORATE UNIT,49.22,106822.0,5230413.0
US.RFIL,RF Industries,17.81,280788.0,5217406.0
US.NPB,Northpointe Bancshares,18.95,274028.0,5217329.0
US.ARKO,ARKO Corp,8.04,644027.0,5209816.0
US.RBB,RBB Bancorp,27.13,187898.0,5140476.0
US.IPX,IperionX,28.78,176170.0,5125691.0
US.VBNK,VersaBank,21.9,229388.0,5114906.0
US.FVRR,Fiverr International,10.81,470204.0,5092999.0
US.BMNP,BITMINE IMMERSION TECHNOLOGIES INC 9.5 SER A CUM PREF STK,83.33,61466.0,5092212.0
US.OBT,Orange County Bancorp,37.65,135021.0,5070130.0
US.USAU,U.S. Gold Corp,16.49,307953.0,5069422.0
US.BWMN,Bowman Consulting,28.685,174910.0,5052424.0
US.HIPO,Hippo Holdings,28.93,174132.0,5045692.0
US.GLAS,Glass House Brands,12.5,404565.0,5024804.0
US.SMP,Standard Motor Products,37.93,131712.0,5006684.0
US.WEST,Westrock Coffee,7.06,684838.0,4949257.0
US.DFDV,DeFi Development,3.3,1427599.0,4926800.0
US.VIVO,VivoPower,4.68,1040897.0,4913175.0
US.TTAM,Titan America,18.21,268813.0,4898508.0
US.AGRO,Adecoagro,9.64,504859.0,4892576.0
US.SHMD,SCHMID Group,5.56,855187.0,4888483.0
US.ASTL,Algoma Steel,3.77,1282421.0,4881588.0
US.REX,REX American Resources,44.98,108062.0,4871992.0
US.DTIL,Precision BioSciences,8.18,600930.0,4847745.0
US.COSO,CoastalSouth Bancshares,26.83,178737.0,4842315.0
US.CCU,United Breweries Co Inc,11.09,438059.0,4837192.0
US.BOW,Bowhead Specialty,31.48,152773.0,4828493.0
US.LKFT,Lakefront Biotherapeutics,30.39,159237.0,4824531.0
US.FVR,FrontView REIT,20.86,230233.0,4824415.0
US.OPRA,Opera,19.9,242416.0,4817168.0
US.FSTR,L.B. Foster,42.76,111863.0,4809218.0
US.CZWI,Citizens Community Bancorp,23.67,202890.0,4808718.0
US.FOR,Forestar Group,30.8,155557.0,4807035.0
US.ORRF,Orrstown Financial Services,40.845,117404.0,4801034.0
US.BSET,Bassett Furniture Industries,20.23,236613.0,4793999.0
US.FSBC,Five Star Bancorp,48.66,97280.0,4755430.0
US.EBS,Emergent BioSolutions,8.28,575960.0,4753227.0
US.NKTX,Nkarta,3.22,1501942.0,4750541.0
US.PS,Pershing Square,32.42,146475.0,4750434.0
US.HSHP,Himalaya Shipping,14.14,333675.0,4734264.0
US.RWAY,Runway Growth Finance,5.49,858710.0,4719129.0
US.STRZ,Starz Entertainment,28.99,160360.0,4716619.0
US.SMWB,Similarweb,6.18,748185.0,4696941.0
US.SSYS,Stratasys,8.135,569630.0,4672075.0
US.CNNE,Cannae Holdings,14.72,317435.0,4664301.0
US.XZO,Exzeo Group,18.69,251209.0,4661003.0
US.SUPV,Grupo Supervielle,9.55,488209.0,4658036.0
US.ZURA,Zura Bio,5.17,908275.0,4652602.0
US.CAC,Camden National,54.58,84961.0,4649048.0
US.LOVE,The Lovesac,17.49,272882.0,4649037.0
US.BATRA,Atlanta Braves-A,57.61,80849.0,4642940.0
US.ANGO,AngioDynamics,13.09,350284.0,4606598.0
US.SPTX,Seaport Therapeutics,20.57,220838.0,4602533.0
US.NMFC,New Mountain Finance Corp,7.15,642235.0,4591058.0
US.ELDN,Eledon Pharmaceuticals,3.95,1165252.0,4571525.0
US.SHBI,Shore Bancshares,23.03,197693.0,4561824.0
US.HDSN,Hudson Technologies,5.99,761974.0,4545812.0
US.ANGX,Angel Studios,3.54,1277388.0,4542110.0
US.KROS,Keros Therapeutics,11.26,403611.0,4541891.0
US.PRTA,Prothena,9.69,462875.0,4538143.0
US.CDLR,Cadeler AS,22.17,204480.0,4533559.0
US.KRRO,Korro Bio,14.0,324597.0,4533112.0
US.ENTA,Enanta Pharmaceuticals,15.11,299427.0,4531487.0
US.LOMA,Loma Negra,11.76,385990.0,4531034.0
US.ANL,Adlai Nortye,9.49,480913.0,4526258.0
US.MG,Mistras Group,16.69,271896.0,4525279.0
US.CASS,Cass Information Systems,52.51,85905.0,4510611.0
US.CBIO,Crescent Biopharma,17.09,265926.0,4509133.0
US.ISTR,Investar Holding,29.49,151401.0,4506018.0
US.XPOF,Xponential Fitness,6.78,666428.0,4491758.0
US.TK,Teekay,10.31,434679.0,4488972.0
US.PXED,Phoenix Education Partners,34.36,129099.0,4485644.0
US.VMD,Viemed Healthcare,12.02,377146.0,4485298.0
US.MCS,Marcus,23.2,193418.0,4484340.0
US.LIXT,Lixte Biotechnology,7.21,615057.0,4479869.0
US.BNED,Barnes & Noble Education,12.19,362834.0,4476048.0
US.TRST,Trustco Bank,54.54,81732.0,4475378.0
US.GHRS,GH Research,27.01,168337.0,4472075.0
US.MNR,Mach Natural Resources,12.6,352779.0,4460720.0
US.PRTH,Priority Technology,7.18,618783.0,4458097.0
US.CQP,Cheniere Energy Partners LP,61.34,72125.0,4438093.0
US.SVV,Savers Value Village,9.97,445875.0,4432627.0
US.AMSF,Amerisafe,34.99,126987.0,4429487.0
US.BGS,B&G Foods,4.08,1084959.0,4428797.0
US.GOOS,Canada Goose,9.59,461641.0,4423991.0
US.DCTH,Delcath Systems,13.2,337952.0,4421280.0
US.INNV,InnovAge Holding,11.99,368181.0,4418116.0
US.EH,EHang,6.31,681015.0,4417584.0
US.FDUS,Fidus Investment,19.33,228202.0,4411777.0
US.USAC,USA Compression,26.36,168058.0,4409755.0
US.OOMA,Ooma,19.49,225449.0,4400224.0
US.HTB,HomeTrust Bancshares,49.43,88271.0,4388266.0
US.ICL,ICL Group,5.03,868077.0,4368043.0
US.IMTX,Immatics,9.95,440350.0,4364358.0
US.PCG.PRX,PG&E CORP 6% SER A MAND CONVERTIBLE PREFERRED STK,41.81,103917.0,4359929.0
US.TBB,AT&T INC 5.35% GLOBAL NOTES DUE 01/11/2066 USD25,20.61,210979.0,4356183.0
US.OFIX,Orthofix Medical,9.94,434049.0,4355639.0
US.MSBI,Midland States,30.35,142667.0,4350389.0
US.CPF,Central Pacific Bank,38.28,113275.0,4346579.0
US.IPI,Intrepid Potash,33.58,128391.0,4330493.0
US.JCAP,Jefferson Capital Inc,18.82,225422.0,4316803.0
US.SCZM,Santacruz Silver Mining,6.69,636210.0,4299139.0
US.CCSI,Consensus Cloud Solutions,37.94,112342.0,4297235.0
US.SLRC,SLR Investment Corp,12.36,347137.0,4293589.0
US.CGBD,Carlyle Secured Lending,10.89,391879.0,4282550.0
US.ACNB,ACNB Corp.,60.25,70913.0,4282268.0
US.OSPN,OneSpan,14.44,294868.0,4278658.0
US.CSTL,Castle Biosciences,24.11,175503.0,4266583.0
US.TWI,Titan International,7.21,583758.0,4265339.0
US.ADV,Advantage Solutions,38.86,103820.0,4265054.0
US.VYGR,Voyager Therapeutics,3.78,1119599.0,4262564.0
US.VEON,VEON Ltd,52.0,81483.0,4255485.0
US.CAES,"Cantor Equity Partners VII, Inc",10.11,418949.0,4234931.0
US.GDRX,GoodRx,3.05,1405354.0,4232298.0
US.EROK,EAGLEROCK LAND LLC,20.51,204353.0,4232186.0
US.FTH,Faeth Therapeutics,22.92,185929.0,4204164.0
US.ARTV,Artiva Biotherapeutics,9.61,435909.0,4166951.0
US.CXDO,Crexendo,7.62,538812.0,4153353.0
US.NGS,Natural Gas Services,39.46,104304.0,4147889.0
US.NUS,Nu Skin Enterprises,5.01,814755.0,4139364.0
US.SI,Shoulder Innovations,21.27,199164.0,4139259.0
US.CRBP,Corbus Pharmaceuticals,9.25,444966.0,4137412.0
US.VREX,Varex Imaging,10.61,387243.0,4126057.0
US.BSM,Black Stone Minerals,13.79,299494.0,4120531.0
US.TNXP,Tonix Pharmaceuticals,12.34,326682.0,4116085.0
US.GCMG,GCM Grosvenor,12.91,318227.0,4095219.0
US.MGNX,Macrogenics,4.71,861177.0,4092549.0
US.CTKB,Cytek Biosciences,4.59,889764.0,4087318.0
US.SB,Safe Bulkers,6.4,635036.0,4077843.0
US.IEP,Icahn Enterprises,7.24,564291.0,4077244.0
US.OIS,Oil States International,7.72,522697.0,4055437.0
US.SAFE,Safehold,16.39,249795.0,4052657.0
US.SBSI,Southside Bancshares,34.9,114973.0,4038601.0
US.EMPD,Empery Digital,3.97,1018605.0,4036727.0
US.SD,SandRidge Energy,13.24,304391.0,4035323.0
US.MAGN,Magnera,12.58,321990.0,4030862.0
US.TEO,Telecom Argentina,12.55,316288.0,3998968.0
US.SENS,Senseonics,5.48,739557.0,3997547.0
US.GRNT,Granite Ridge Resources,4.42,903232.0,3983083.0
US.ESEA,Euroseas,66.38,59506.0,3977084.0
US.LWAY,Lifeway Foods,30.94,130517.0,3958015.0
US.HBT,HBT Financial,32.18,122465.0,3949314.0
US.SMBK,SmartFinancial,47.34,83044.0,3934982.0
US.SAAQ,Space Asset Acquisition Corp,10.2,387995.0,3932998.0
US.CEPU,Central Puerto,14.66,266552.0,3929721.0
US.NGVC,Natural Grocers by Vitamin Cottage,32.6,119746.0,3901003.0
US.MFIC,MidCap Financial Investment Corporation,9.98,389218.0,3896960.0
US.ELVA,Electrovaya,9.7,393571.0,3891007.0
US.TWIN,Twin Disc,22.86,171041.0,3888938.0
US.LOCO,El Pollo Loco,16.68,231224.0,3888567.0
US.LE,Lands'End,10.88,356821.0,3888163.0
US.INSG,Inseego,8.87,430408.0,3882493.0
US.FIP,FTAI Infrastructure,4.44,868457.0,3873599.0
US.NBBK,NB Bancorp,21.14,180609.0,3839747.0
US.FLGT,Fulgent Genetics,20.85,184527.0,3836706.0
US.LXEO,Lexeo Therapeutics,4.69,825584.0,3831719.0
US.CIVB,Civista Bancshares,28.46,133068.0,3811179.0
US.YORW,The York Water,31.42,121161.0,3803391.0
US.BMRC,Bank of Marin Bancorp,28.43,132570.0,3771561.0
US.WHK,WHITEHAWK MINERALS CORP,27.37,138702.0,3767992.0
US.CBK,Commercial Bancgroup,33.4,112642.0,3766084.0
US.CION,CION Investment,6.39,580061.0,3765411.0
US.KINS,Kingstone,20.12,188700.0,3765280.0
US.PDEX,Pro-Dex,61.33,59911.0,3761016.0
US.AROW,Arrow Financial,41.29,90699.0,3758669.0
US.ELVR,Elevra Lithium,69.67,53676.0,3753785.0
US.GTEN,Gores Holdings X,10.49,356589.0,3744203.0
US.FMAO,Farmers & Merchants,30.67,120894.0,3732952.0
US.PACK,Ranpak Holdings,6.55,559265.0,3725317.0
US.FLXS,Flexsteel Industries,72.49,50717.0,3724709.0
US.BCAL,California Bancorp,20.86,177394.0,3706336.0
US.JFB,JFB Construction Holdings,4.88,737276.0,3686078.0
US.MCFT,MasterCraft Boat,23.79,155741.0,3679797.0
US.RGR,Sturm Ruger,37.65,97705.0,3677677.0
US.CMRE,Costamare,14.26,257137.0,3672624.0
US.CHPT,ChargePoint,5.96,612871.0,3671381.0
US.FRD,Friedman Industries,33.62,106442.0,3656151.0
US.EOLS,Evolus,6.9,534868.0,3644295.0
US.JYNT,The Joint,8.97,403566.0,3629372.0
US.SPRB,Spruce Biosciences,52.51,68838.0,3626761.0
US.RELL,Richardson Electronics,16.61,212264.0,3621585.0
US.NBTX,Nanobiotix,38.4,94514.0,3617438.0
US.MMI,Marcus & Millichap,31.86,113237.0,3603860.0
US.GIC,Global Industrial,33.21,108137.0,3590075.0
US.NFBK,Northfield Bancorp,14.79,241882.0,3586241.0
US.BBDC,Barings BDC,8.57,418856.0,3580570.0
US.PKOH,Park-Ohio Holdings Corp,36.3,97400.0,3579696.0
US.NRIM,Northrim BanCorp,27.12,130742.0,3566206.0
US.IRD,Opus Genetics,4.23,847568.0,3555256.0
US.PLBC,Plumas Bancorp,59.13,59694.0,3547520.0
US.INR,Infinity Natural Resources,12.5,283300.0,3530328.0
US.IMXI,International Money Express,14.54,242537.0,3520827.0
US.MGPI,MGP Ingredients,16.98,202421.0,3520727.0
US.BWB,Bridgewater Bancshares,21.46,163438.0,3501183.0
US.ODTX,Odyssey Therapeutics,16.8,206823.0,3498609.0
US.PERI,Perion Network,9.4,368753.0,3491935.0
US.IBTA,Ibotta,35.57,98392.0,3489411.0
US.NSLR,Neostellar Capital,11.79,293373.0,3482869.0
US.ALOT,AstroNova,28.51,121227.0,3456429.0
US.TWO.PRB,TWO HARBORS INVESTMENT CORP 7.625% FXD FLOAT RATE CUM RED PFD SER B,25.33,137047.0,3453108.0
US.KELYA,Kelly Services-A,13.08,264699.0,3452857.0
US.ALAR,Alarum Technologies,6.35,675029.0,3448640.0
US.FCBC,First Community Bankshares,45.12,76396.0,3444450.0
US.STI,Solidion Technology,7.85,429352.0,3443624.0
US.EFSI,Eagle Financial Services,40.91,83621.0,3441795.0
US.HMH,HMH Holding,18.09,187165.0,3423619.0
US.RPC,Ridgepost Capital,7.83,433979.0,3417822.0
US.CLMB,Climb Global Solutions,23.86,142406.0,3409317.0
US.XPER,Xperi,8.2,407638.0,3404484.0
US.AEBI,Aebi Schmidt,12.09,279794.0,3402397.0
US.AVBH,Avidbank,32.96,102302.0,3394425.0
US.BBCP,Concrete Pumping Holdings,11.11,299521.0,3385818.0
US.KVHI,KVH Industries,9.09,369543.0,3383108.0
US.BF.A,Brown-Forman-A,26.76,125587.0,3365855.0
US.NEXN,Nexxen International,9.55,352297.0,3365027.0
US.TIPT,Tiptree-A,18.2,183884.0,3350751.0
US.MAAS,Maase,15.03,198074.0,3341971.0
US.NEWT,NewtekOne,14.57,227585.0,3334465.0
US.MCBS,MetroCity Bankshares,36.255,91121.0,3314424.0
US.KLC,KinderCare Learning Companies,4.85,685416.0,3305214.0
US.PSFE,Paysafe,8.41,392196.0,3293497.0
US.C.PRN,CITIGROUP CAP XIII 7.875% FX/FL TRUST PRF 30/10/40 USD25,29.0,113508.0,3293016.0
US.CDZI,Cadiz,4.19,784162.0,3285843.0
US.ACIC,American Coastal Insurance,11.54,283499.0,3284895.0
US.GALT,Galectin Therapeutics,4.51,723134.0,3279869.0
US.QXO.PRB,QXO INC DEP SH REP 1/20TH INT CONV PFD SER B WI,46.62,70818.0,3259011.0
US.CPS,Cooper-Standard,26.39,122516.0,3247647.0
US.BBOT,BridgeBio Oncology Therapeutics,8.11,401580.0,3231694.0
US.OPRX,OptimizeRx,6.19,519646.0,3226760.0
US.MET.PRF,METLIFE INC 4.75% DEP SHS EA REP NN CUM PFD ST SER F,18.68,172071.0,3221947.0
US.OPRT,Oportun Financial,5.9,541254.0,3220396.0
US.AMCX,AMC Global Media,10.26,312448.0,3214327.0
US.MLR,Miller Industries,49.01,65060.0,3208810.0
US.VOXR,Vox Royalty,4.87,657354.0,3204296.0
US.DBI,Designer Brands,5.52,573749.0,3179685.0
US.JOUT,Johnson Outdoors,43.48,72516.0,3149697.0
US.GPRK,GeoPark,9.07,346933.0,3138449.0
US.PHI,PLDT,17.95,173560.0,3127391.0
US.DBVT,DBV Technologies,15.82,195922.0,3110356.0
US.DMLP,Dorchester Minerals LP,25.37,121902.0,3094967.0
US.BOC,Boston Omaha,15.09,205333.0,3079586.0
US.AIRO,AIRO Group,7.6,390023.0,3072567.0
US.RCEL,Avita Medical,5.06,615502.0,3069512.0
US.KPTI,Karyopharm Therapeutics,9.6,318024.0,3069300.0
US.MED,Medifast,10.96,278753.0,3066642.0
US.BCSF,Bain Capital Specialty Finance,12.64,243053.0,3064706.0
US.ANGI,Angi Inc,6.06,500645.0,3047866.0
US.CENT,Central Garden & Pet,43.95,69322.0,3047386.0
US.RAIL,FreightCar America,8.97,332720.0,3042832.0
US.LYEL,Lyell Immunopharma,14.05,219501.0,3037877.0
US.TLX,Telix Pharmaceuticals,11.87,255240.0,3032201.0
US.SAR,Saratoga Investment,22.36,134880.0,3026419.0
US.HPK,HighPeak Energy,6.7,453092.0,3017460.0
US.LILAP,LIBERTY LATIN AMERICA LTD 9.0% CUM PERP RED SER A PREF SHS,20.2,147532.0,3003717.0
US.VMET,Versamet Royalties,11.82,244972.0,3002648.0
US.TITN,Titan Machinery,18.34,159408.0,2984415.0
US.IMMR,Immersion,6.78,436971.0,2984394.0
US.COFS,ChoiceOne Financial Services,33.92,87615.0,2982270.0
US.VTEX,VTEX,4.14,714123.0,2972334.0
US.NUCL,Eagle Nuclear Energy,8.86,328684.0,2969781.0
US.FOSL,Fossil Group,4.23,707880.0,2960453.0
US.MATV,Mativ,7.22,408507.0,2959211.0
US.PLTK,Playtika Holding,3.87,762665.0,2959203.0
US.ASTI,Ascent Solar Technologies,4.43,643956.0,2955987.0
US.SSMR,Sunshine Silver Mining & Refining,14.59,204823.0,2952182.0
US.MBI,MBIA,6.8,431133.0,2948745.0
US.WHWK,Whitehawk Therapeutics,4.19,692497.0,2947387.0
US.RNGR,Ranger Energy Services,15.42,188506.0,2929047.0
US.PANL,Pangaea Logistics Solutions,6.6,437658.0,2905635.0
US.WBTN,WEBTOON Entertainment,11.64,250710.0,2904749.0
US.FRST,Primis Financial,15.82,181296.0,2902022.0
US.MOMO,Hello Group,5.87,493560.0,2895906.0
US.PAYS,PaySign,8.26,342479.0,2878415.0
US.MSIF,MSC Income Fund,11.52,246608.0,2870670.0
US.ASLE,AerSale,6.57,433502.0,2860086.0
US.XFOR,X4 Pharmaceuticals,4.13,678995.0,2848996.0
US.CSV,Carriage Services,39.02,72735.0,2822105.0
US.MTW,Manitowoc,12.52,221866.0,2809166.0
US.ACH,Accendra Health,3.59,774301.0,2796286.0
US.PSNY,Polestar Automotive,20.44,136109.0,2787600.0
US.TRDA,Entrada Therapeutics,7.72,360890.0,2787275.0
US.PICS,PicS NV,11.06,248489.0,2781022.0
US.BIRD,Smartbird,3.85,676647.0,2777758.0
US.WTBA,West Bancorporation,27.09,102562.0,2776064.0
US.ELPC,Energy Company of Paraná - Common,11.61,238029.0,2765636.0
US.MZYX,MOZAYYX ACQUISITION CORP,10.04,274973.0,2755944.0
US.MTRX,Matrix Service,12.53,214489.0,2744807.0
US.MESO,Mesoblast,14.38,191681.0,2742874.0
US.AP,Ampco-Pittsburgh,7.35,358348.0,2734383.0
US.MRBK,Meridian,19.64,137233.0,2717075.0
US.UPB,UpStream Bio,7.51,363212.0,2710733.0
US.XRN,Chiron Real Estate,37.97,70582.0,2685051.0
US.RNA,Atrium Therapeutics,13.65,196855.0,2673167.0
US.SEG,Seaport Entertainment Group,27.12,98254.0,2664908.0
US.FRMM,Forum Markets Inc,6.02,445920.0,2662591.0
US.CCIX,Churchill Capital Corp IX,10.93,243718.0,2659225.0
US.RJET,Republic Airways Holdings,21.39,122759.0,2643767.0
US.PCSC,Perceptive Capital Solutions,11.0,241021.0,2637550.0
US.VWAV,VISIONWAVE HOLDINGS INC,4.14,620319.0,2636228.0
US.PAII,Pyrophyte Acquisition Corp. II,10.24,258147.0,2633424.0
US.MDXG,MiMedx,3.95,662469.0,2605049.0
US.TWFG,"TWFG, Inc.",25.8,101421.0,2602726.0
US.TARA,Protara Therapeutics,4.06,645486.0,2601787.0
US.RRGB,Red Robin,7.15,362744.0,2601245.0
US.PSBD,Palmer Square Capital BDC,10.46,247706.0,2599900.0
US.FBYD,Falcon's Beyond Global,19.23,138543.0,2593629.0
US.ZNTL,Zentalis Pharmaceuticals,4.46,583661.0,2592538.0
US.NRXP,NRX Pharmaceuticals,3.87,668700.0,2588337.0
US.RDAG,Republic Digital Acquisition,10.34,250125.0,2586297.0
US.ACEL,Accel Entertainment,12.77,201337.0,2576135.0
US.IHRT,iHeartMedia,4.38,592370.0,2575441.0
US.PNNT,PennantPark Investment,3.45,743300.0,2573288.0
US.HY,Hyster-Yale,31.99,79321.0,2567892.0
US.SPH,Suburban Propane,17.51,145020.0,2550248.0
US.CTEV,Claritev,32.64,78815.0,2549720.0
US.ALLT,Allot,8.43,300140.0,2547840.0
US.SRZN,Surrozen,24.92,99788.0,2541404.0
US.IGIC,International General Insurance,27.66,91738.0,2530956.0
US.IBEX,IBEX Ltd,32.13,78784.0,2522176.0
US.SHIP,Seanergy Maritime,13.43,185852.0,2520037.0
US.ACCO,ACCO Brands,4.2,596335.0,2510380.0
US.CTGG,QWEST CORPORATION 6.5% SR NTS 01/09/2051 USD25,17.27,144289.0,2495204.0
US.T.PRC,AT&T INC DEP SHS EACH REP 1/1000TH PERP PFD SER C,17.9,139300.0,2492328.0
US.CVGI,Commercial Vehicle Group,4.4,529603.0,2490355.0
US.TLS,Telos,4.9,509829.0,2476293.0
US.RM,Regional Management,41.66,59066.0,2474116.0
US.CBNK,Capital Bancorp,35.52,69094.0,2462287.0
US.GMEX,GMEX Robotics,3.89,616240.0,2455981.0
US.ASTC,Astrotech,10.45,225479.0,2449220.0
US.THRY,Thryv Holdings,4.29,565896.0,2439882.0
US.PPIH,Perma-Pipe International Holdings,25.46,94493.0,2435900.0
US.GLAD,Gladstone Capital,19.54,124204.0,2435285.0
US.RERE,ATRenew,3.97,615112.0,2433852.0
US.KIDS,OrthoPediatrics,19.95,122304.0,2427539.0
US.YALA,Yalla,5.48,437780.0,2418840.0
US.HCKT,Hackett Group,10.84,221185.0,2411342.0
US.INBK,First Internet Bancorp,28.1,85121.0,2406918.0
US.EPRX,Eupraxia Pharmaceuticals,6.69,359471.0,2400769.0
US.AZ,A2Z Cust2Mate Solutions,6.26,383111.0,2388828.0
US.TBI,TrueBlue,6.75,337049.0,2366994.0
US.GLRE,Greenlight Capital Re,16.37,143986.0,2363696.0
US.RDCM,Radcom,14.56,163335.0,2359403.0
US.AGEN,Agenus,3.49,680579.0,2354143.0
US.OSG,Octave Specialty,6.34,368032.0,2339001.0
US.AIAI,AIAI Holdings,14.15,165454.0,2335990.0
US.FNRN,FIRST NORTHERN COMMUNITY BANCORP,17.82,129924.0,2329463.0
US.FABC,Fabric.AI,3.35,699327.0,2318484.0
US.SGP,SpyGlass Pharma,19.15,120708.0,2307545.0
US.OFLX,Omega Flex,31.35,73123.0,2293325.0
US.BACC,BLUE ACQUISITION CORP.,10.86,209634.0,2284474.0
US.GLSI,Greenwich LifeSciences,22.0,101562.0,2280369.0
US.CPSH,CPS Technologies,5.05,439128.0,2276734.0
US.BNTC,Benitec Biopharma,13.22,172366.0,2256216.0
US.AVNW,Aviat Networks,21.17,104538.0,2250402.0
US.GBFH,GBank Financial Holding,31.8,70262.0,2241178.0
US.SUJA,Suja Life,10.81,208409.0,2221013.0
US.CCAP,Crescent Capital BDC,11.12,199648.0,2220337.0
US.JPM.PRM,JPMORGAN CHASE & CO. 4.20% DEP SHS REPSTG 1/400TH PFD SER MM,17.28,128362.0,2217693.0
US.ZIP,ZipRecruiter,3.96,569687.0,2206166.0
US.FAC,Factorial Energy,10.235,210879.0,2196948.0
US.TCPC,BlackRock Tcp,3.36,646724.0,2192985.0
US.LFVN,Lifevantage,6.22,353188.0,2188459.0
US.EVCM,EverCommerce,9.98,214155.0,2183672.0
US.SMC,Summit Midstream,29.8,73278.0,2180830.0
US.VTVT,vTv Therapeutics,35.4,61042.0,2176841.0
US.ATLO,Ames National,29.53,73273.0,2175134.0
US.MS.PRF,MORGAN STANLEY DEP SHS REPR 1/1000TH INT PFD SER 'F' FX,25.16,86482.0,2174067.0
US.NATR,Natures Sunshine Products,21.47,100313.0,2165902.0
US.NGL.PRB,NGL ENERGY PARTNERS LP 9% CUM RED PFD REP LTD PRTNR INT CL B,25.25,85576.0,2159533.0
US.GUACU,BERTO ACQUISITION CORP UNITS CONS 1 SHS & 1/3 WT(06/03/2031),10.17,211085.0,2145526.0
US.CCXIU,CHURCHILL CAPITAL CORP XI UNITS 1 CL A & 1/10 OF 1 WT 10/12/2030,19.83,117808.0,2134001.0
US.DSP,Viant Technology,12.96,162743.0,2131342.0
US.BCML,BayCom,33.46,63146.0,2123278.0
US.PRE,Prenetics Global,16.93,122280.0,2119548.0
US.WHG,Westwood Holdings,19.98,107135.0,2117789.0
US.SOPH,Sophia Genetics,5.35,386209.0,2117007.0
US.SIGA,SIGA Technologies,3.86,545662.0,2114715.0
US.ARES.PRB,ARES MANAGEMENT CORPORATION 6.75% MAN PFD CONV SER B,38.38,55378.0,2108417.0
US.MVBF,MVB Financial,29.41,71194.0,2107658.0
US.QTTB,Q32 Bio,13.09,162682.0,2105142.0
US.SND,Smart Sand,4.7,454615.0,2104799.0
US.CING,Cingulate,5.38,378203.0,2094520.0
US.AFYA,Afya Ltd,15.27,137782.0,2086571.0
US.DGICA,Donegal Group-A,19.29,107105.0,2074548.0
US.NLOP,Net Lease Office Properties,11.16,183572.0,2071032.0
US.CWCO,Consolidated Water,29.44,70075.0,2070833.0
US.BOOM,DMC Global,6.12,330529.0,2061340.0
US.AVIR,Atea Pharmaceuticals,4.98,415176.0,2059835.0
US.USNA,Usana Health Sciences,21.51,95541.0,2049432.0
US.KRNT,Kornit Digital,15.61,130341.0,2045415.0
US.CINT,CI&T Inc.,3.51,548470.0,2045376.0
US.TBCH,Turtle Beach,12.55,161244.0,2034959.0
US.RFL,Rafael Holdings,3.15,587288.0,2026653.0
US.FHTX,Foghorn Therapeutics,5.3,401703.0,2023111.0
US.OTLY,Oatly Group AB,9.95,196773.0,2012656.0
US.COPL,COPLEY ACQUISITION CORP,10.45,192810.0,2011059.0
US.FVCB,FVCBankcorp,17.47,113954.0,1999922.0
US.UIS,Unisys,3.75,528624.0,1981913.0
US.BRCB,Black Rock Coffee Bar,8.37,236996.0,1978314.0
US.ANIX,Anixa Biosciences,3.27,595414.0,1975943.0
US.ONIT,Onity Group,38.96,50208.0,1974281.0
US.IRS,IRSA Inversiones y Representaciones,15.81,124657.0,1973909.0
US.QTRX,Quanterix,4.33,456286.0,1968422.0
US.GLIBA,Liberty Capital-A,22.81,86188.0,1967438.0
US.VTMX,Vesta Real Estate,34.59,56924.0,1960185.0
US.EBF,Ennis,21.49,90817.0,1955298.0
US.AVBC,Avidia Bancorp,21.07,92462.0,1946573.0
US.TMCI,Treace Medical Concepts,4.21,460661.0,1939789.0
US.EAF,GrafTech,5.68,331556.0,1938967.0
US.IMUX,Immunic,14.8,130157.0,1923245.0
US.IXHL,Incannex Healthcare,3.97,491030.0,1920632.0
US.CFBK,Central Federal,31.84,59519.0,1915732.0
US.RNAC,Cartesian Therapeutics,10.59,178033.0,1896230.0
US.LAKE,Lakeland Industries,12.36,156115.0,1891458.0
US.GAIN,Gladstone Investment,15.56,121219.0,1889669.0
US.NPCE,NeuroPace,16.14,117361.0,1887129.0
US.OSUR,OraSure Technologies,4.35,431855.0,1886755.0
US.WFC.PRZ,WELLS FARGO & COMPANY 4.75% DEP SHS 1/1000 NCUM PFD CL A SR Z,18.62,100050.0,1867264.0
US.ATNI,ATN International,24.81,74746.0,1866349.0
US.CLW,Clearwater Paper,15.92,116607.0,1864261.0
US.TGL,Treasure Global,3.85,469115.0,1861230.0
US.NCMI,National CineMedia,3.97,470752.0,1854345.0
US.LXFR,Luxfer,17.14,106734.0,1849292.0
US.SIND,Sinda,12.06,153451.0,1836222.0
US.CRCT,Cricut,4.46,411641.0,1831647.0
US.ESOA,Energy Services of America,17.86,99879.0,1825405.0
US.GVH,Globavend Holdings,4.45,372994.0,1825351.0
US.JPM.PRL,JPMORGAN CHASE & CO. 4.625% DEP SH RE 1/400TH INT NO CU PF LL,18.79,96308.0,1808233.0
US.HRZN,Horizon Technology Finance,4.72,381805.0,1803648.0
US.FINV,FinVolution,4.83,368140.0,1791039.0
US.FCCO,First Community,32.93,54159.0,1787239.0
US.ENIC,Enel Chile,4.41,405092.0,1786503.0
US.RGP,Resources Connection,4.62,384628.0,1785191.0
US.VATE,Innovate Corp,14.81,116962.0,1776264.0
US.BMGL,Basel Medical,8.35,207795.0,1773713.0
US.WSBF,Waterstone Financial,20.6,85152.0,1767539.0
US.FOA,Finance of America,27.47,63561.0,1749752.0
US.LEGH,Legacy Housing,26.38,66789.0,1749642.0
US.TASK,TaskUs,5.03,342277.0,1749550.0
US.CMDB,Costamare Bulkers Holdings,18.18,95788.0,1745391.0
US.PBYI,Puma Biotechnology,8.26,211552.0,1744953.0
US.AOUT,American Outdoor Brands,13.37,132327.0,1741774.0
US.GCBC,Greene County,34.66,50678.0,1732748.0
US.ALVO,Alvotech,3.61,479403.0,1726245.0
US.BAC.PRM,BANK OF AMERICA CORPORATION 5.375%DEP SHS REP 1/1000TH NON CUM SR KK,21.39,80424.0,1724994.0
US.EBMT,Eagle Bancorp Montana,23.64,72167.0,1717867.0
US.RMR,The RMR Group,20.5,83614.0,1716169.0
US.BAC.PRN,BANK OF AMERICA CORPORATION 5% DEP SHS REPR 1/1000TH NON CUM PFD LL,19.99,85310.0,1709520.0
US.C.PRR,CITIGROUP INC 6.250 NON CUM SER II PFD WI,25.08,68069.0,1708834.0
US.JPM.PRD,JPMORGAN CHASE & CO. DEP REP 1/400TH (5.75% NON CUM PFD DD),24.0,71134.0,1707801.0
US.AII,American Integrity Insurance Group,19.27,88764.0,1706543.0
US.MPAA,Motorcar Parts of America,14.67,115281.0,1705758.0
US.JPM.PRK,JPMORGAN CHASE & CO. 4.55% DEP SHS REPSTG 1/400TH PFD SER JJ,18.44,92338.0,1705161.0
US.AMPY,Amplify Energy,4.0,423319.0,1694579.0
US.SKIL,Skillsoft,7.06,240006.0,1690393.0
US.JRVR,James River,4.46,374790.0,1679336.0
US.GEL,Genesis Energy,14.2,118417.0,1678529.0
US.SUPX,SuperX AI Technology,8.01,214720.0,1676321.0
US.PKBK,Parke Bancorp,32.93,50650.0,1675936.0
US.MASS,908 Devices,8.69,190180.0,1673028.0
US.ORMP,Oramed Pharmaceuticals,4.6,360793.0,1667455.0
US.NAKA,Nakamoto,3.86,401950.0,1644662.0
US.OM,Outset Medical,4.72,318378.0,1641081.0
US.TWO.PRA,TWO HARBORS INVESTMENT CORP 8.125% FXD FLTNG RATE CUM RED PFD SER A,25.38,65003.0,1638239.0
US.CTHH,QWEST CORPORATION 6.75% SR NTS 15/06/2052 USD25,17.44,93331.0,1632989.0
US.DMAC,DiaMedica Therapeutics,7.62,216485.0,1627719.0
US.PRLD,Prelude Therapeutics,4.91,326571.0,1621097.0
US.APC,ARKO Petroleum,18.59,87230.0,1615073.0
US.LESL,Leslie's,8.66,180267.0,1613706.0
US.PLRZ,Polyrizon,13.8,117271.0,1608896.0
US.RMNI,Rimini Street,4.54,351737.0,1604768.0
US.HGTY,Hagerty,12.39,130501.0,1604442.0
US.KZIA,Kazia Therapeutics,13.25,116113.0,1595846.0
US.T.PRA,AT&T INC 5.000% DEP SHS REP 1/1000 PERP PFD SER A,19.0028,83848.0,1593312.0
US.RZC,REINSURANCE GROUP OF AMERICA 7.125%FXD RATE RESET SUBORD DEB 2052,25.42,62614.0,1590214.0
US.NAGE,Niagen Bioscience,3.43,464710.0,1585405.0
US.CZNC,Citizens & Northern,23.63,66687.0,1581265.0
US.EDN,Edenor S.A.,24.28,64349.0,1581035.0
US.JPM.PRC,JPMORGAN CHASE & CO. 6%NON CUM DEP SHS REP 1/400TH PFD SER EE,25.33,62181.0,1575319.0
US.KRO,Kronos Worldwide,5.97,258151.0,1565702.0
US.CMSD,CMS ENERGY CORP 5.875%JNR SUBORD NTS DUE01/03/2079 USD25,22.15,70164.0,1555741.0
US.ATLX,Atlas Lithium,3.64,413097.0,1555429.0
US.PUSA,Aureus Greenway,3.85,393811.0,1541902.0
US.JTAI,Jet.AI,7.79,208831.0,1541811.0
US.TRC,Tejon Ranch,18.86,81053.0,1535522.0
US.AVD,American Vanguard,3.16,496961.0,1529928.0
US.CGCFU,CARTESIAN GROWTH CORPORATION IV UNIT EACH REP 1 CL A ORD & 1/3 WT,9.95,153417.0,1527923.0
US.SSP,The E.W. Scripps,3.12,485953.0,1527074.0
US.MOBI,Mobia Medical,13.65,112110.0,1526442.0
US.BCYC,Bicycle Therapeutics,4.35,353689.0,1522203.0
US.TLYS,Tilly's,3.94,376574.0,1516103.0
US.AMRN,Amarin,16.37,91697.0,1509713.0
US.RPAY,Repay Holdings,4.24,357857.0,1509085.0
US.NRC,NRC Health,22.4,67514.0,1507265.0
US.BAC.PRQ,BANK OF AMERICA CORPORATION DEP SHS REP 1/1000TH INT NON CUM PFD QQ,17.02,87791.0,1501366.0
US.FENC,Fennec Pharmaceuticals,10.7,140512.0,1496475.0
US.LNZA,LanzaTech Global,6.31,233270.0,1494872.0
US.BAC.PRB,BANK OF AMERICA CORPORATION 6%NON CUM DEP SHS EACH REP 1/1000 SER GG,25.04,59592.0,1493124.0
US.FISN,Deep Fission,10.29,144588.0,1486058.0
US.GS.PRD,GOLDMAN SACHS GROUP INC DEP REP 1/1000TH PRF D,19.02,77844.0,1478105.0
US.TMUSZ,T MOBILE USA INC 5.500% NOTES DUE 01/03/2070,20.35,72263.0,1468435.0
US.PRH,PRUDENTIAL FINANCIAL INC 5.950%JUNIOR SUBORD NOTES DUE 2062 USD25,22.42,65003.0,1457541.0
US.WSHP,WeShop,7.26,183148.0,1448585.0
US.BDSX,Biodesix,21.99,62720.0,1443563.0
US.BWEN,Broadwind,4.58,313484.0,1440777.0
US.NKLR,Terra Innovatum Global,4.62,307234.0,1438336.0
US.FRBA,First Bank,17.63,81175.0,1437696.0
US.INGN,Inogen,6.6,217411.0,1433925.0
US.AERO,Grupo Aeromexico,17.49,81099.0,1427939.0
US.NERV,Minerva Neurosciences,5.1,286901.0,1422618.0
US.STAK,STAK INC.,4.39,335376.0,1416889.0
US.ASIC,Ategrity,25.42,56130.0,1415388.0
US.SOJD,SOUTHERN CO. 4.95%JR SUB NOTES SER 2020A 30/01/2080,19.28,73002.0,1408178.0
US.IPWR,Ideal Power,5.04,272034.0,1406846.0
US.REFI,Chicago Atlantic Real Estate Finance,10.68,129845.0,1395736.0
US.MS.PRE,MORGAN STANLEY DEP SHS REPS 1/1000 7.125% PFD E,25.27,55200.0,1394981.0
US.OPI,OFFICE PROPERTIES INCOME TRUST,16.6,86128.0,1391660.0
US.ICU,SeaStar Medical,4.92,280489.0,1388356.0
US.TFC.PRR,TRUIST FINANCIAL CORPORATION DEP SHS REP 1/1000TH NON CU PR PFD SR R,18.46,74674.0,1376610.0
US.HVT,Haverty Furniture,24.97,54872.0,1375538.0
US.HYPD,Hyperion DeFi,3.11,428362.0,1373754.0
US.VEL,Velocity Financial,18.57,73709.0,1371466.0
US.SPOK,Spok Holdings,10.49,130547.0,1367959.0
US.NEE.PRU,NEXTERA ENERGY CAPITAL HLDGS INC 6.5% BDS 01/06/85 USD25,24.33,56110.0,1367135.0
US.CARL,Carlsmed,11.34,119294.0,1355868.0
US.ALTG,Alta Equipment,6.19,215028.0,1348277.0
US.PWRL,Powerlaw Corp,15.23,90297.0,1344929.0
US.API,Agora,4.01,330687.0,1336679.0
US.JLHL,Julong,7.33,149933.0,1328357.0
US.LZM,Lifezone Metals,3.73,348061.0,1325056.0
US.VFS,VinFast Auto,3.07,424981.0,1323646.0
US.IMPP,Imperial Petroleum,4.76,276188.0,1319547.0
US.GPMT.PRA,GRANITE POINT MORTGAGE TRUST INC 7% SER A FIX TO FLG RATE CUM RED PFD STK,18.33,72030.0,1316757.0
US.INSE,Inspired Entertainment,7.88,168016.0,1315780.0
US.SOJE,SOUTHERN CO. JUNIOR SUB NTS DUE 15/10/2060 SER 2020C,17.03,77027.0,1309616.0
US.DCBO,Docebo,18.24,71048.0,1308232.0
US.BUUU,BUUU Group,21.8,54065.0,1307062.0
US.TTGT,TechTarget,4.02,318700.0,1304778.0
US.ACAA,AVERIN CAP ACQUISITION CORP,10.2,128098.0,1302876.0
US.SKYH,Sky Harbour Group,9.97,130287.0,1296448.0
US.HTCO,High-Trend International,3.77,341733.0,1290949.0
US.SCE.PRL,SCE TRUST VI 5% TRUST PREFERENCE SECURITIES USD25,16.85,76878.0,1290912.0
US.CMRC,Commerce.com,3.15,411689.0,1288100.0
US.SRI,Stoneridge,6.93,184104.0,1285724.0
US.DMRC,Digimarc,7.83,158513.0,1283766.0
US.KGEI,Kolibri Global Energy,4.64,272664.0,1278540.0
US.AEFC,AEGON FUNDING COMPANY LLC 5.1% SUB NOTES DUE 15/12/2049 USD25,18.81,68123.0,1277991.0
US.CXII,CHURCHILL CAPITAL CORPORATION XII,10.75,118671.0,1274004.0
US.GCGR,GENERAL CATALYST GBL RESILIENCE MRG,10.17,125418.0,1273807.0
US.BWMX,Betterware de Mexico,17.98,69575.0,1267757.0
US.HCIC,HENNESSY CAP INVT CORP VIII,10.0,125867.0,1258223.0
US.BWAY,Brainsway,15.19,81612.0,1253040.0
US.CUPR,Cuprina Holdings,5.77,214619.0,1247958.0
US.LCUT,Lifetime Brands,8.56,143224.0,1236006.0
US.BAC.PRO,BANK OF AMERICA CORPORATION 4.375% DP SH RP 1/1000TH IN NON CU PF NN,17.61,69908.0,1234724.0
US.BGDE,Big Digital Energy,7.45,162828.0,1232263.0
US.CSHR,CoinShares,3.96,315336.0,1229432.0
US.AIRS,Airsculpt Technologies,4.52,272150.0,1223113.0
US.OIM,ONEIM ACQUISITION CORP,10.2,119632.0,1218841.0
US.MOVE,Corvex,17.37,66301.0,1215267.0
US.HNVR,Hanover Bancorp,23.34,51566.0,1214858.0
US.F.PRD,FORD MOTOR CO 6.500% NOTES DUE 15/08/2062 USD25,21.46,56674.0,1214316.0
US.AESP,AEON ACQUISITION I CORP,9.87,122852.0,1211448.0
US.PAVS,Paranovus Entertainment Technology,7.02,167095.0,1205928.0
US.WFC.PRA,WELLS FARGO & COMPANY DEP SHS REP 1/1000TH INT PFD SR AA (CLA),18.41,65129.0,1198165.0
US.HCM,Hutchmed (China),11.44,104607.0,1196066.0
US.FF,FutureFuel,4.69,257628.0,1193350.0
US.WW,WW International,16.31,73871.0,1190086.0
US.PDLB,PDL Community Bancorp,20.11,58620.0,1185878.0
US.HOFT,Hooker Furniture,16.82,69877.0,1183680.0
US.BCBP,BCB Bancorp,10.28,113267.0,1180246.0
US.SGHT,Sight Sciences,5.45,216363.0,1161276.0
US.ELOX,Eloxx Pharmaceuticals,12.565,91509.0,1156719.0
US.AARD,Aardvark Therapeutics,5.7,210924.0,1156379.0
US.ASUR,Asure Software,8.19,140381.0,1150838.0
US.NGL,NGL Energy,15.19,75020.0,1148676.0
US.JILL,J.Jill,16.49,69690.0,1140911.0
US.MS.PRA,MORGAN STANLEY DEP SHS REPS 1/1000 PFD SER 'A',18.91,59962.0,1135569.0
US.PYPD,PolyPid,5.02,223851.0,1132266.0
US.GASS,StealthGas,8.21,136970.0,1128039.0
US.FRBT,Forbright,18.75,59948.0,1122650.0
US.SDHC,Smith Douglas Homes,15.91,70187.0,1113080.0
US.SNWV,SANUWAVE Health,10.63,105832.0,1111580.0
US.SPKL,Spark I Acquisition Corporation,12.95,87007.0,1110058.0
US.XNET,Xunlei,5.64,190995.0,1101727.0
US.SIFY,Sify Technologies,15.32,70857.0,1099540.0
US.MTNE,CH4 NATURAL SOLUTIONS CORPORATION,9.855,111501.0,1098393.0
US.NEGG,Newegg Commerce,14.91,72180.0,1096797.0
US.CRVO,CervoMed,3.55,310116.0,1093423.0
US.QUAD,Quad/Graphics,8.37,129296.0,1085785.0
US.OBIO,Orchestra BioMed,4.19,252842.0,1078126.0
US.VHCP,VINE HILL CAPITAL INVEST CORP II,9.99,107882.0,1077747.0
US.DTW,DTE ENERGY CO 5.25% JR SUB DEBNTRS SR E 01/12/77 USD25,20.54,52385.0,1075172.0
US.LUXE,LuxExperience BV,8.03,134385.0,1075051.0
US.BALY,Ballys,14.7,73598.0,1072755.0
US.EGAN,eGain,6.53,162217.0,1064121.0
US.SOJC,SOUTHERN CO. 5.25% JR SUB NTS SR 2017B 01/12/77 USD25,20.5,51725.0,1061004.0
US.TZOO,Travelzoo,11.66,90393.0,1060371.0
US.AUNA,Auna S.A.,5.27,201466.0,1058393.0
US.EXYN,Exyn Technologies,6.2,169052.0,1047789.0
US.SABS,SAB Biotherapeutics,3.92,266615.0,1042253.0
US.F.PRC,FORD MOTOR CO 6.000% NOTES DUE 1/12/2059 USD25,19.71,52809.0,1038712.0
US.AGBK,AGI,7.11,144658.0,1031535.0
US.AEYE,AudioEye,6.51,158866.0,1028727.0
US.BREZ,BREEZE ACQUISITION CORPORATION II,9.94,103536.0,1028307.0
US.QCLS,Q/C Technologies,3.85,264975.0,1025621.0
US.F.PRB,FORD MOTOR CO 6.20% NOTES DUE 01/06/2059 USD25,20.45,50162.0,1023486.0
US.FBIO,Fortress Biotech,3.04,332636.0,1023428.0
US.GIW,GIGCAPITAL8 CORP,10.075,101405.0,1021152.0
US.MCRB,Seres Therapeutics,7.74,130834.0,1020947.0
US.USB.PRH,US BANCORP DEP SHS REPSTG 1/1000TH PFD SER B,18.53,54888.0,1017983.0
US.OKUR,OnKure Therapeutics,4.58,222298.0,1011512.0
US.TLSI,TriSalus Life Sciences,4.69,220998.0,1011504.0
US.PPHC,Public Policy,7.73,126360.0,1011110.0
US.SCYX,Scynexis,4.43,222014.0,993891.0
US.CV,CapsoVision,7.28,136521.0,991980.0
US.CODA,Coda Octopus Group,9.62,102171.0,978385.0
US.NCDL,Nuveen Churchill Direct Lending Corp,12.68,76755.0,975380.0
US.DAVA,Endava,3.01,311882.0,975199.0
US.USB.PRR,US BANCORP 4% DEP SHS REP 1/1000 INT PFD SER M,15.48,63119.0,975182.0
US.FORR,Forrester Research,9.45,103116.0,972377.0
US.PAL,Proficient Auto Logistics,6.38,150406.0,965196.0
US.LSAK,Lesaka Technologies,4.9,195215.0,954360.0
US.AXS.PRE,AXIS CAPITAL HOLDINGS LTD DEP SHS REP 1/100TH PFD SER E USD25.00,18.86,50480.0,951364.0
US.DERM,Journey Medical,7.09,134075.0,950952.0
US.NOAH,Noah Holdings,10.03,94985.0,950274.0
US.SCM,Stellus Capital Investment,8.44,112277.0,947805.0
US.YB,Yuanbao,15.02,60809.0,940938.0
US.NOA,North American Construction,12.91,72239.0,936930.0
US.STEM,Stem Inc,7.85,119587.0,933027.0
US.CD,Chaince Digital,4.29,219235.0,928448.0
US.DSC,DSC Holdings,6.97,129554.0,927424.0
US.WKEY,WISeKey,6.965,130500.0,922253.0
US.SPCB,SuperCom,11.34,78440.0,913795.0
US.SMHI,Seacor Marine,7.59,119882.0,912992.0
US.AUDC,AudioCodes,9.72,92567.0,910766.0
US.FBLA,FB Bancorp,15.21,59475.0,905001.0
US.ACET,Adicet Bio,9.0,101107.0,904731.0
US.PSTV,Plus Therapeutics,3.98,223232.0,899324.0
US.FIRY,Firy,9.74,91446.0,899069.0
US.ET.PRI,ENERGY TRANSFER LP SER I FXD RT PER PFD UNITS,11.47,77033.0,882381.0
US.BBCQ,Bleichroeder Acquisition Corp,10.38,84816.0,881806.0
US.DRDB,Roman DBDR Acquisition Corp. II,10.55,83061.0,875227.0
US.KWY,Kingsway Corp,10.5,82950.0,868932.0
US.UP,Wheels Up Experience,8.88,97750.0,868318.0
US.CAII,COLLECTIVE ACQUISITION CORP II,9.93,87253.0,866416.0
US.DWSN,Dawson Geophysical,5.89,149003.0,864020.0
US.EPSN,Epsilon Energy,5.4,159558.0,859183.0
US.GNE,Genie Energy,14.62,58592.0,857611.0
US.TPVG,TriplePoint Venture Growth BDC,4.92,171168.0,850818.0
US.ACTG,Acacia Research,4.54,183246.0,847338.0
US.AEXA,AMERICAN EXCEPTIONALISM ACQ CORP. A,11.85,70846.0,839159.0
US.ONEW,OneWater Marine,10.83,76869.0,835432.0
US.TXO,TXO Partners,12.37,67482.0,835208.0
US.CVRX,CVRx Inc,5.6,149552.0,835139.0
US.ENRD,Einride AB,8.44,93084.0,833691.0
US.RTB,RTB Digital,14.795,55745.0,830492.0
US.UBXG,U-BX Technology,5.28,167515.0,826969.0
US.NAMI,Jinxin Technology,3.63,208013.0,815141.0
US.ICCM,Icecure Medical,5.36,150840.0,812805.0
US.IMDX,Insight Molecular Diagnostics,5.74,142045.0,810685.0
US.LNSR,LENSAR,6.4,130549.0,808255.0
US.VERU,Veru Inc,3.06,262276.0,802656.0
US.FLWS,1-800-Flowers.com,3.85,208187.0,799218.0
US.CEPF,Cantor Equity Partners IV,10.4,76516.0,797079.0
US.ILAG,Intelligent Living Application,3.49,209618.0,793762.0
US.MDWD,MediWound,15.16,52679.0,793342.0
US.QLEP,QUANTUM LEAP ACQUISITION CORP,9.95,79383.0,789853.0
US.WBX,Wallbox,4.16,191255.0,788543.0
US.AIRG,Airgain,6.19,126839.0,782798.0
US.TG,Tredegar,7.74,99716.0,775508.0
US.CNXU,Conexeu Sciences,10.86,70211.0,770991.0
US.IDN,Intellicheck,4.14,184526.0,768194.0
US.PIII,P3 Health Partners,11.37,67313.0,767449.0
US.ATII,ARCHIMEDES TECH SPAC PARTNERS II CO,10.9,70130.0,764219.0
US.OWLT,Owlet inc,5.76,130047.0,763878.0
US.LUCK,Lucky Strike Entertainment,7.7,98362.0,760271.0
US.ACNT,Ascent Industries,15.26,50271.0,760162.0
US.SOHU,Sohu.com,12.39,60083.0,757987.0
US.MAKO,Mako Mining,7.65,98066.0,752830.0
US.AMWL,American Well,9.25,79854.0,751941.0
US.SONM,DNA X,3.75,189122.0,749832.0
US.VNCE,Vince Holding,6.74,111188.0,746966.0
US.DSAC,Daedalus Special Acquisition,10.13,73793.0,746471.0
US.FTW,Presidio Production,11.97,62507.0,745389.0
US.VHC,VirnetX Holding,12.5,57805.0,742960.0
US.VRAX,Virax Biolabs,3.13,253640.0,738905.0
US.SHPH,Shuttle Pharmaceuticals,3.58,201322.0,734119.0
US.AKTX,Akari Therapeutics,10.41,72547.0,733652.0
US.CVV,CVD Equipment,7.74,93980.0,730988.0
US.CPIX,Cumberland Pharmaceuticals,6.37,111289.0,730465.0
US.MOB,Mobilicom,4.99,144144.0,722394.0
US.GYRE,Gyre Therapeutics,7.34,101749.0,719467.0
US.SVAC,Spring Valley Acquisition,10.21,69941.0,717214.0
US.MRDN,Meridian Holdings,13.57,51739.0,713728.0
US.BCTX,BriaCell Therapeutics,3.26,217589.0,711132.0
US.ELWT,Elauwit Connection,6.97,99532.0,700789.0
US.TRAK,ReposiTrak,9.77,72659.0,700277.0
US.PCLA,PicoCELA,5.55,122169.0,697038.0
US.SSTI,SoundThinking,9.08,75034.0,694842.0
US.LMNR,Limoneira,13.22,52421.0,694841.0
US.FCBM,First Carolina Financial Service,12.92,53048.0,679736.0
US.MTLS,Materialise,7.16,93266.0,669504.0
US.TUSK,Mammoth Energy Services,3.13,207698.0,661394.0
US.FERA,FIFTH ERA ACQUISITION CORPORATION I,10.44,62372.0,650042.0
US.TSQ,Townsquare Media,7.25,90466.0,649222.0
US.JENA,Jena Acquisition Corporation II,10.37,61793.0,645729.0
US.ANTX,AN2 Therapeutics,4.42,143766.0,644640.0
US.USGO,U.S. Goldmining,8.84,73957.0,644308.0
US.DCOY,Decoy Therapeutics,7.31,84756.0,635706.0
US.III,Information Services Group,4.11,154278.0,633372.0
US.LVO,LiveOne,5.66,111488.0,631299.0
US.DAO,Youdao,12.59,50580.0,631044.0
US.LFCR,Lifecore Biomedical,5.09,121549.0,628081.0
US.RDNW,RideNow Group,6.4,97833.0,624462.0
US.TRVG,Trivago,5.41,116355.0,621604.0
US.COYA,Coya Therapeutics,5.86,107485.0,617975.0
US.RENT,Rent the Runway,3.45,177199.0,610997.0
US.PLSM,Pulsenmore,4.54,130210.0,604687.0
US.INTS,Intensity Therapeutics,4.24,142914.0,598454.0
US.LAW,CS Disco,3.88,151109.0,591373.0
US.RTAC,Renatus Tactical Acquisition Corp I,10.53,55054.0,585727.0
US.ROMA,Roma Green Finance,8.05,74757.0,582774.0
US.XGN,Exagen,4.54,127798.0,582277.0
US.AACI,Armada Acquisition Corp III,10.0,58086.0,580776.0
US.CXIIU,CHURCHILL CAPITAL CORPORATION XII UNITS CON OF 1 CL A & 1/10 WT(02/04/2031,10.82,53228.0,579505.0
US.WAVE,Eco Wave Power,9.25,64759.0,578840.0
US.DIBS,1stdibs.com,4.88,116156.0,578311.0
US.NUWE,Nuwellis,3.15,181046.0,577750.0
US.MBVI,M3-Brigade Acquisition VI Corp,10.19,56619.0,576943.0
US.BODI,The Beachbody,10.79,54235.0,570274.0
US.IONR,ioneer,4.4,127849.0,569883.0
US.IEAG,Infinite Eagle Acquisition Corp,10.2,55872.0,569571.0
US.NCT,Intercont,3.25,176456.0,569103.0
US.QADR,QDRO Acquisition Corp,9.96,56467.0,562411.0
US.GEOS,Geospace Technologies,6.72,83924.0,559482.0
US.PPSI,Pioneer Power Solutions,3.65,152811.0,557579.0
US.SBXE,SILVERBOX CORP V,10.12,54766.0,554730.0
US.BCIC,BCP Investment,7.25,74953.0,550579.0
US.AGPU,Axe Compute,7.08,76012.0,550379.0
US.SEAT,Vivid Seats,7.02,77448.0,539273.0
US.VTIX,Virtuix Holdings,3.01,166199.0,532391.0
US.VRA,Vera Bradley,3.91,135655.0,532192.0
US.CCAQ,Collective Acquisition Corp,10.47,50521.0,529076.0
US.NXTS,Nexentis Technologies,4.3,123008.0,527213.0
US.KRMD,KORU Medical Systems,4.49,116480.0,521825.0
US.JRSH,Jerash Holdings,4.45,115156.0,519325.0
US.EDSA,Edesa Biotech,7.5,68266.0,514057.0
US.KNOP,KNOT Offshore,9.99,50832.0,511137.0
US.IACO,Idea Acquisition Corp,9.92,51361.0,509500.0
US.SPPL,Simpple,3.48,141755.0,508365.0
US.LPCV,LAUNCHPAD CADENZA ACQUISITION CORP,10.04,50511.0,507045.0
US.CLAR,Clarus,3.16,160157.0,507015.0
US.CAMP,Camp4 Therapeutics,4.43,114974.0,503441.0
US.ALGS,Aligos Therapeutics,5.59,90372.0,492799.0
US.ALTI,AlTi Global,3.7,132100.0,491880.0
US.GWRS,Global Water Resources,7.2,67774.0,489799.0
US.FATN,FatPipe,5.98,80499.0,486167.0
US.TMCR,Metals Royalty,6.58,72696.0,485646.0
US.SCLX,Scilex Holding,7.81,60234.0,481370.0
US.MNDR,Mobile-health Network Solutions,3.28,139151.0,469323.0
US.RMTI,Rockwell Medical,5.54,90720.0,466822.0
US.WHF,WhiteHorse Finance,6.65,69117.0,465110.0
US.ECOR,electroCore,8.77,54319.0,463484.0
US.CIA,Citizens Inc,5.94,77383.0,459981.0
US.PXLW,Pixelworks,6.075,74924.0,458278.0
US.NL,NLI Holdings,6.28,73539.0,454827.0
US.HCWB,HCW Biologics,4.3,102070.0,453252.0
US.METCB,Ramaco Resources-B,7.77,57419.0,447753.0
US.DRIO,DarioHealth,7.28,60996.0,447704.0
US.INDP,Indaptus Therapeutics,3.03,146799.0,445331.0
US.FPH,Five Point Holdings,5.22,83169.0,435537.0
US.FGNX,FG Nexus,4.86,87865.0,434401.0
US.DUKR,Duke Robotics,4.8,85645.0,434232.0
US.RVSB,Riverview Bancorp,5.41,79628.0,431374.0
US.EXOZ,eXoZymes,8.48,51030.0,430217.0
US.RNAZ,Transcode Therapeutics,8.61,51708.0,427692.0
US.TAOX,Tao Synergies,3.66,113552.0,424926.0
US.SUNS,Sunrise Realty Trust,8.19,50684.0,415072.0
US.TKNO,Alpha Teknova,5.79,69725.0,406551.0
US.NEUP,Neuphoria Therapeutics,3.38,118787.0,402565.0
US.BMM,Blue Moon Metals,6.45,61719.0,402038.0
US.ACOG,Alpha Cognition,7.89,51970.0,401383.0
US.QNTM,Quantum BioPharma,3.51,114422.0,393177.0
US.NTHI,NeOnc Technologies,4.42,90144.0,391701.0
US.GFR,Greenfire Resources,5.54,70618.0,389948.0
US.ZH,Zhihu,3.15,123455.0,388201.0
US.GLBS,Globus Maritime,3.09,124172.0,385102.0
US.FCUV,Focus Universal,3.52,102803.0,379624.0
US.CVKD,Cadrenal Therapeutics,3.6,107170.0,379097.0
US.DLTH,Duluth Holdings,4.45,84412.0,377008.0
US.TPCS,TechPrecision,5.02,74154.0,374952.0
US.ADAG,Adagene,4.47,81654.0,372835.0
US.FTCI,FTC Solar,5.0,75465.0,371873.0
US.BOF,BranchOut Food,4.78,72052.0,353692.0
US.EEX,Emerald,5.03,70204.0,353041.0
US.MSGM,Motorsport Games,4.31,83972.0,353019.0
US.WNW,Meiwu Technology,3.64,92797.0,348406.0
US.LTRN,Lantern Pharma,3.97,86798.0,345592.0
US.CREX,Creative Realities,4.09,84841.0,340667.0
US.OPTH,Optimi Health,4.88,69520.0,336793.0
US.SOTK,Sono-Tek,5.2,61393.0,334917.0
US.YSG,Yatsen,3.47,96643.0,333253.0
US.EZRA,Reliance Global,3.08,102687.0,331688.0
US.AMCI,AMC Robotics,4.89,64933.0,326302.0
US.SILO,Silo Pharma,6.18,53859.0,325549.0
US.MIND,MIND Technology,4.76,67644.0,323760.0
US.EMAT,Evolution Metals & Technologie,6.33,50493.0,321234.0
US.GECC,Great Elm Capital,5.31,59061.0,318952.0
US.OPAD,Offerpad Solutions,5.29,59609.0,318833.0
US.BRAI,Braiin,6.03,51846.0,314507.0
US.TDIC,Dreamland,4.82,60710.0,307207.0
US.BOSC,BOS Better Online Solutions,4.32,69240.0,304490.0
US.APYX,Apyx Medical,4.3,68998.0,303193.0
US.GHI,Greystone Housing Impact Investors,5.96,51564.0,303131.0
US.PODC,PodcastOne,4.36,69605.0,300898.0
US.FEMY,Femasys,4.17,65416.0,295754.0
US.MWC,Micware,3.36,84686.0,292840.0
US.AVAL,Grupo Aval,5.06,57093.0,291580.0
US.IZEA,IZEA Worldwide,3.63,79032.0,284352.0
US.SHIM,Shimmick,4.0,68789.0,282035.0
US.CDLX,Cardlytics,4.47,62143.0,273358.0
US.KLRS,Kalaris Therapeutics,4.75,56292.0,257396.0
US.DAIO,Data I/O,3.76,67622.0,256595.0
US.MODD,Modular Medical,4.6,54542.0,252989.0
US.AXG,Solowin Holdings,3.26,72586.0,234335.0
US.LND,BrasilAgro,3.6,64608.0,233097.0
US.CFND,C1 FUND INC,3.12,73892.0,228688.0
US.TRNR,Interactive Strength,4.2,53885.0,226810.0
US.SPAI,Safe Pro Group,4.1,53345.0,225032.0
US.VTSI,VirTra,3.11,67756.0,213512.0
US.SBC,SBC Medical Group,3.25,61913.0,200169.0
US.CULP,Culp Inc,3.43,57138.0,191952.0
US.LNAI,Lunai Bioworks,3.2,59222.0,189212.0
US.AFCG,Advanced Flower Capital,3.13,58190.0,186147.0
US.SQNS,Sequans Communications,3.2,50988.0,167019.0
